Workbook

Sheet Selection Sheet
B4: Project | C4: {Project}
B5: Client: | C5: {Customer}
B7: Contractor:
D8: Match | E8: Tkw
F9: TRUE | G9: FALSE
D10: Variation | E10: 0 | F10: 0 | G10: 0
B12: SPECIFIED | H12: PROPOSED
B13: Ref | C13: Type | D13: Location | E13: TKw | F13: SKw | G13: L/S | H13: Model ( Indoor / Outdoor ) | I13: Qty | J13: NOMINAL TR | K13: Type | L13: Refrigerant | M13: Temperature | O13: Capacity (KW) | Q13: AFR | R13: SPEED | S13: Power Input, KW | U13: COP | V13: ESP | W13: Power Supply | X13: Dimensions | AA13: Dimensions | AD13: Weight | AG13: DO NOT DELETE/TAMPER WITH THESE COLUMNS
M14: degC | O14: TC | P14: SC | Q14: L/S | S14: Actual | T14: ESMA | X14: Indoor, mm | AA14: Outdoor, mm | AD14: Indoor | AE14: Outdoor
M15: Indoor | N15: Outdoor | U15: W/W | X15: H | Y15: W | Z15: D | AA15: H | AB15: W | AC15: D | AD15: kg | AE15: kg | AG15: TKW | AH15: SKW | AI15: L/S | AJ15: Ind TKw | AK15: Ind SKw | AL15: Ind L/S | AM15: Max Ind | AN15: Final Selection | AO15: Qty
H16: Model | I16: Qty
H17: =AN17 | I17: =AO17 | J17: =IF($H17="","",VLOOKUP($H17,Data!$C$6:$Y$29,2,FALSE)) | K17: =IF($H17="","",VLOOKUP($H17,Data!$C$6:$Y$29,3,FALSE)) | L17: =IF($H17="","",VLOOKUP($H17,Data!$C$6:$Y$29,4,FALSE)) | M17: =IF($H17="","",VLOOKUP($H17,Data!$C$6:$Y$29,5,FALSE)) | N17: =IF($H17="","",VLOOKUP($H17,Data!$C$6:$Y$29,6,FALSE)) | O17: =IF($H17="","",VLOOKUP($H17,Data!$C$6:$Y$29,7,FALSE)) | P17: =IF($H17="","",VLOOKUP($H17,Data!$C$6:$Y$29,8,FALSE)) | Q17: =IF($H17="","",VLOOKUP($H17,Data!$C$6:$Y$29,9,FALSE)) | R17: =IF($H17="","",VLOOKUP($H17,Data!$C$6:$Y$29,10,FALSE)) | S17: =IF($H17="","",VLOOKUP($H17,Data!$C$6:$Y$29,11,FALSE)) | T17: =IF($H17="","",VLOOKUP($H17,Data!$C$6:$Y$29,12,FALSE)) | U17: =IF($H17="","",VLOOKUP($H17,Data!$C$6:$Y$29,13,FALSE)) | V17: =IF($H17="","",VLOOKUP($H17,Data!$C$6:$Y$29,14,FALSE)) | W17: =IF($H17="","",VLOOKUP($H17,Data!$C$6:$Y$29,15,FALSE)) | X17: =IF($H17="","",VLOOKUP($H17,Data!$C$6:$Y$29,16,FALSE)) | Y17: =IF($H17="","",VLOOKUP($H17,Data!$C$6:$Y$29,17,FALSE)) | Z17: =IF($H17="","",VLOOKUP($H17,Data!$C$6:$Y$29,18,FALSE)) | AA17: =IF($H17="","",VLOOKUP($H17,Data!$C$6:$Y$29,19,FALSE)) | AB17: =IF($H17="","",VLOOKUP($H17,Data!$C$6:$Y$29,20,FALSE)) | AC17: =IF($H17="","",VLOOKUP($H17,Data!$C$6:$Y$29,21,FALSE)) | AD17: =IF($H17="","",VLOOKUP($H17,Data!$C$6:$Y$29,22,FALSE)) | AE17: =IF($H17="","",VLOOKUP($H17,Data!$C$6:$Y$29,23,FALSE)) | AG17: =IF($E17="","",IF($C17="DUCTED",VLOOKUP($E17,'DX-Data'!$D$5:$J$11,7,TRUE),IF($C17="DECORATIVE",VLOOKUP($E17,'DX-Data'!$D$19:$J$23,7,TRUE),IF($C17="PACKAGED",VLOOKUP($E17,'DX-Data'!$D$24:$J$30,7,TRUE),IF($C17="DUCTED-INV",VLOOKUP($E17,'DX-Data'!$D$12:$J$18,7,TRUE),"CHOOSE AC TYPE"))))) | AH17: =IF($F$9=TRUE,IF($C17="DUCTED",VLOOKUP($F17,'DX-Data'!$F$5:$J$11,5,TRUE),IF($C17="DECORATIVE",VLOOKUP($F17,'DX-Data'!$F$19:$J$23,5,TRUE),IF($C17="PACKAGED",VLOOKUP($F17,'DX-Data'!$F$24:$J$30,5,TRUE),IF($C17="DUCTED-INV",VLOOKUP($F17,'DX-Data'!$F$12:$J$18,5,TRUE),"CHOOSE AC TYPE")))),"NO SELECTION") -> CHOOSE AC TYPE | AI17: =IF($G$9=TRUE,IF($C17="DUCTED",VLOOKUP($G17,'DX-Data'!$H$5:$J$11,3,TRUE),IF($C17="DECORATIVE",VLOOKUP($G17,'DX-Data'!$H$19:$J$23,3,TRUE),IF($C17="PACKAGED",VLOOKUP($G17,'DX-Data'!$H$24:$J$30,3,TRUE),IF($C17="DUCTED-INV",VLOOKUP($G17,'DX-Data'!$H$12:$J$18,3,TRUE),"CHOOSE AC TYPE")))),"NO SELECTION") -> NO SELECTION | AJ17: =IF($E17="","",IF($C17="DUCTED",VLOOKUP($E17,'DX-Data'!$D$5:$J$11,6,TRUE),IF($C17="DECORATIVE",VLOOKUP($E17,'DX-Data'!$D$19:$J$23,6,TRUE),IF($C17="PACKAGED",VLOOKUP($E17,'DX-Data'!$D$24:$J$30,6,TRUE),IF($C17="DUCTED-INV",VLOOKUP($E17,'DX-Data'!$D$12:$J$18,6,TRUE),0))))) | AK17: =IF($F$9=TRUE,IF($C17="DUCTED",VLOOKUP($F17,'DX-Data'!$F$5:$J$11,4,TRUE),IF($C17="DECORATIVE",VLOOKUP($F17,'DX-Data'!$F$19:$J$23,4,TRUE),IF($C17="PACKAGED",VLOOKUP($F17,'DX-Data'!$F$24:$J$30,4,TRUE),IF($C17="DUCTED-INV",VLOOKUP($F17,'DX-Data'!$F$12:$J$18,4,TRUE),"CHOOSE AC TYPE")))),0) -> CHOOSE AC TYPE | AL17: =IF($G$9=TRUE,IF($C17="DUCTED",VLOOKUP($G17,'DX-Data'!$H$5:$J$11,2,TRUE),IF($C17="DECORATIVE",VLOOKUP($G17,'DX-Data'!$H$19:$J$23,2,TRUE),IF($C17="PACKAGED",VLOOKUP($G17,'DX-Data'!$H$24:$J$30,2,TRUE),IF($C17="DUCTED-INV",VLOOKUP($G17,'DX-Data'!$H$12:$J$18,2,TRUE),"CHOOSE AC TYPE")))),0) -> 0 | AM17: =MAX(AJ17:AL17) -> 0 | AN17: =IF(E17="","",VLOOKUP($AM17,'DX-Data'!$I$5:$J$31,2,FALSE)) | AO17: =IF(OR(AN17="",AN17=0),"",1)
B18: UG-DS-01 | C18: DUCTED | D18: PUMP ROOM | E18: 2.2 | F18: 1.9 | G18: 154 | H18: =AN18 -> FDMRN20AVKU - RR20AVKU | I18: =AO18 -> 1 | J18: =IF($H18="","",VLOOKUP($H18,Data!$C$6:$Y$29,2,FALSE)) -> 1.5 | K18: =IF($H18="","",VLOOKUP($H18,Data!$C$6:$Y$29,3,FALSE)) -> Non-Inverter | L18: =IF($H18="","",VLOOKUP($H18,Data!$C$6:$Y$29,4,FALSE)) -> R-410A | M18: =IF($H18="","",VLOOKUP($H18,Data!$C$6:$Y$29,5,FALSE)) -> 24/16 | N18: =IF($H18="","",VLOOKUP($H18,Data!$C$6:$Y$29,6,FALSE)) -> 46 | O18: =IF($H18="","",VLOOKUP($H18,Data!$C$6:$Y$29,7,FALSE)) -> 4.24 | P18: =IF($H18="","",VLOOKUP($H18,Data!$C$6:$Y$29,8,FALSE)) -> 4.11 | Q18: =IF($H18="","",VLOOKUP($H18,Data!$C$6:$Y$29,9,FALSE)) -> 255 | R18: =IF($H18="","",VLOOKUP($H18,Data!$C$6:$Y$29,10,FALSE)) -> MEDIUM | S18: =IF($H18="","",VLOOKUP($H18,Data!$C$6:$Y$29,11,FALSE)) -> 1.77 | T18: =IF($H18="","",VLOOKUP($H18,Data!$C$6:$Y$29,12,FALSE)) -> 1.8 | U18: =IF($H18="","",VLOOKUP($H18,Data!$C$6:$Y$29,13,FALSE)) -> 3.49 | V18: =IF($H18="","",VLOOKUP($H18,Data!$C$6:$Y$29,14,FALSE)) -> 40 | W18: =IF($H18="","",VLOOKUP($H18,Data!$C$6:$Y$29,15,FALSE)) -> 220-240/1/50 | X18: =IF($H18="","",VLOOKUP($H18,Data!$C$6:$Y$29,16,FALSE)) -> 261 | Y18: =IF($H18="","",VLOOKUP($H18,Data!$C$6:$Y$29,17,FALSE)) -> 1200 | Z18: =IF($H18="","",VLOOKUP($H18,Data!$C$6:$Y$29,18,FALSE)) -> 448 | AA18: =IF($H18="","",VLOOKUP($H18,Data!$C$6:$Y$29,19,FALSE)) -> 753 | AB18: =IF($H18="","",VLOOKUP($H18,Data!$C$6:$Y$29,20,FALSE)) -> 855 | AC18: =IF($H18="","",VLOOKUP($H18,Data!$C$6:$Y$29,21,FALSE)) -> 328 | AD18: =IF($H18="","",VLOOKUP($H18,Data!$C$6:$Y$29,22,FALSE)) -> 26 | AE18: =IF($H18="","",VLOOKUP($H18,Data!$C$6:$Y$29,23,FALSE)) -> 47 | AG18: =IF($E18="","",IF($C18="DUCTED",VLOOKUP($E18,'DX-Data'!$D$5:$J$11,7,TRUE),IF($C18="DECORATIVE",VLOOKUP($E18,'DX-Data'!$D$19:$J$23,7,TRUE),IF($C18="PACKAGED",VLOOKUP($E18,'DX-Data'!$D$24:$J$30,7,TRUE),IF($C18="DUCTED-INV",VLOOKUP($E18,'DX-Data'!$D$12:$J$18,7,TRUE),"CHOOSE AC TYPE"))))) -> FDMRN20AVKU - RR20AVKU | AH18: =IF($F$9=TRUE,IF($C18="DUCTED",VLOOKUP($F18,'DX-Data'!$F$5:$J$11,5,TRUE),IF($C18="DECORATIVE",VLOOKUP($F18,'DX-Data'!$F$19:$J$23,5,TRUE),IF($C18="PACKAGED",VLOOKUP($F18,'DX-Data'!$F$24:$J$30,5,TRUE),IF($C18="DUCTED-INV",VLOOKUP($F18,'DX-Data'!$F$12:$J$18,5,TRUE),"CHOOSE AC TYPE")))),"NO SELECTION") -> FDMRN20AVKU - RR20AVKU | AI18: =IF($G$9=TRUE,IF($C18="DUCTED",VLOOKUP($G18,'DX-Data'!$H$5:$J$11,3,TRUE),IF($C18="DECORATIVE",VLOOKUP($G18,'DX-Data'!$H$19:$J$23,3,TRUE),IF($C18="PACKAGED",VLOOKUP($G18,'DX-Data'!$H$24:$J$30,3,TRUE),IF($C18="DUCTED-INV",VLOOKUP($G18,'DX-Data'!$H$12:$J$18,3,TRUE),"CHOOSE AC TYPE")))),"NO SELECTION") -> NO SELECTION | AJ18: =IF($E18="","",IF($C18="DUCTED",VLOOKUP($E18,'DX-Data'!$D$5:$J$11,6,TRUE),IF($C18="DECORATIVE",VLOOKUP($E18,'DX-Data'!$D$19:$J$23,6,TRUE),IF($C18="PACKAGED",VLOOKUP($E18,'DX-Data'!$D$24:$J$30,6,TRUE),IF($C18="DUCTED-INV",VLOOKUP($E18,'DX-Data'!$D$12:$J$18,6,TRUE),0))))) -> 1 | AK18: =IF($F$9=TRUE,IF($C18="DUCTED",VLOOKUP($F18,'DX-Data'!$F$5:$J$11,4,TRUE),IF($C18="DECORATIVE",VLOOKUP($F18,'DX-Data'!$F$19:$J$23,4,TRUE),IF($C18="PACKAGED",VLOOKUP($F18,'DX-Data'!$F$24:$J$30,4,TRUE),IF($C18="DUCTED-INV",VLOOKUP($F18,'DX-Data'!$F$12:$J$18,4,TRUE),"CHOOSE AC TYPE")))),0) -> 1 | AL18: =IF($G$9=TRUE,IF($C18="DUCTED",VLOOKUP($G18,'DX-Data'!$H$5:$J$11,2,TRUE),IF($C18="DECORATIVE",VLOOKUP($G18,'DX-Data'!$H$19:$J$23,2,TRUE),IF($C18="PACKAGED",VLOOKUP($G18,'DX-Data'!$H$24:$J$30,2,TRUE),IF($C18="DUCTED-INV",VLOOKUP($G18,'DX-Data'!$H$12:$J$18,2,TRUE),"CHOOSE AC TYPE")))),0) -> 0 | AM18: =MAX(AJ18:AL18) -> 1 | AN18: =IF(E18="","",VLOOKUP($AM18,'DX-Data'!$I$5:$J$31,2,FALSE)) -> FDMRN20AVKU - RR20AVKU | AO18: =IF(OR(AN18="",AN18=0),"",1) -> 1
B20: GF-DS-01 | C20: DUCTED | D20: MAIN ENTRANCE | E20: 12.3 | F20: 9.9 | G20: 856 | H20: FDMRN30AVKU - RR30AVKU | I20: 2 | J20: =IF($H20="","",VLOOKUP($H20,Data!$C$6:$Y$29,2,FALSE)) -> 2.5 | K20: =IF($H20="","",VLOOKUP($H20,Data!$C$6:$Y$29,3,FALSE)) -> Non-Inverter | L20: =IF($H20="","",VLOOKUP($H20,Data!$C$6:$Y$29,4,FALSE)) -> R-410A | M20: =IF($H20="","",VLOOKUP($H20,Data!$C$6:$Y$29,5,FALSE)) -> 24/16 | N20: =IF($H20="","",VLOOKUP($H20,Data!$C$6:$Y$29,6,FALSE)) -> 46 | O20: =IF($H20="","",VLOOKUP($H20,Data!$C$6:$Y$29,7,FALSE)) -> 6.93 | P20: =IF($H20="","",VLOOKUP($H20,Data!$C$6:$Y$29,8,FALSE)) -> 6.3 | Q20: =IF($H20="","",VLOOKUP($H20,Data!$C$6:$Y$29,9,FALSE)) -> 374 | R20: =IF($H20="","",VLOOKUP($H20,Data!$C$6:$Y$29,10,FALSE)) -> MEDIUM | S20: =IF($H20="","",VLOOKUP($H20,Data!$C$6:$Y$29,11,FALSE)) -> 2.87 | T20: =IF($H20="","",VLOOKUP($H20,Data!$C$6:$Y$29,12,FALSE)) -> 3.05 | U20: =IF($H20="","",VLOOKUP($H20,Data!$C$6:$Y$29,13,FALSE)) -> 3.49 | V20: =IF($H20="","",VLOOKUP($H20,Data!$C$6:$Y$29,14,FALSE)) -> 40 | W20: =IF($H20="","",VLOOKUP($H20,Data!$C$6:$Y$29,15,FALSE)) -> 220-240/1/50 | X20: =IF($H20="","",VLOOKUP($H20,Data!$C$6:$Y$29,16,FALSE)) -> 378 | Y20: =IF($H20="","",VLOOKUP($H20,Data!$C$6:$Y$29,17,FALSE)) -> 1115 | Z20: =IF($H20="","",VLOOKUP($H20,Data!$C$6:$Y$29,18,FALSE)) -> 541 | AA20: =IF($H20="","",VLOOKUP($H20,Data!$C$6:$Y$29,19,FALSE)) -> 852 | AB20: =IF($H20="","",VLOOKUP($H20,Data!$C$6:$Y$29,20,FALSE)) -> 1030 | AC20: =IF($H20="","",VLOOKUP($H20,Data!$C$6:$Y$29,21,FALSE)) -> 400 | AD20: =IF($H20="","",VLOOKUP($H20,Data!$C$6:$Y$29,22,FALSE)) -> 44 | AE20: =IF($H20="","",VLOOKUP($H20,Data!$C$6:$Y$29,23,FALSE)) -> 75 | AG20: =IF($E20="","",IF($C20="DUCTED",VLOOKUP($E20,'DX-Data'!$D$5:$J$11,7,TRUE),IF($C20="DECORATIVE",VLOOKUP($E20,'DX-Data'!$D$19:$J$23,7,TRUE),IF($C20="PACKAGED",VLOOKUP($E20,'DX-Data'!$D$24:$J$30,7,TRUE),IF($C20="DUCTED-INV",VLOOKUP($E20,'DX-Data'!$D$12:$J$18,7,TRUE),"CHOOSE AC TYPE"))))) -> FDMRN60AVKU - RR60AYKU | AH20: =IF($F$9=TRUE,IF($C20="DUCTED",VLOOKUP($F20,'DX-Data'!$F$5:$J$11,5,TRUE),IF($C20="DECORATIVE",VLOOKUP($F20,'DX-Data'!$F$19:$J$23,5,TRUE),IF($C20="PACKAGED",VLOOKUP($F20,'DX-Data'!$F$24:$J$30,5,TRUE),IF($C20="DUCTED-INV",VLOOKUP($F20,'DX-Data'!$F$12:$J$18,5,TRUE),"CHOOSE AC TYPE")))),"NO SELECTION") -> FDMRN50AVKU - RR50AYKU | AI20: =IF($G$9=TRUE,IF($C20="DUCTED",VLOOKUP($G20,'DX-Data'!$H$5:$J$11,3,TRUE),IF($C20="DECORATIVE",VLOOKUP($G20,'DX-Data'!$H$19:$J$23,3,TRUE),IF($C20="PACKAGED",VLOOKUP($G20,'DX-Data'!$H$24:$J$30,3,TRUE),IF($C20="DUCTED-INV",VLOOKUP($G20,'DX-Data'!$H$12:$J$18,3,TRUE),"CHOOSE AC TYPE")))),"NO SELECTION") -> NO SELECTION | AJ20: =IF($E20="","",IF($C20="DUCTED",VLOOKUP($E20,'DX-Data'!$D$5:$J$11,6,TRUE),IF($C20="DECORATIVE",VLOOKUP($E20,'DX-Data'!$D$19:$J$23,6,TRUE),IF($C20="PACKAGED",VLOOKUP($E20,'DX-Data'!$D$24:$J$30,6,TRUE),IF($C20="DUCTED-INV",VLOOKUP($E20,'DX-Data'!$D$12:$J$18,6,TRUE),0))))) -> 6 | AK20: =IF($F$9=TRUE,IF($C20="DUCTED",VLOOKUP($F20,'DX-Data'!$F$5:$J$11,4,TRUE),IF($C20="DECORATIVE",VLOOKUP($F20,'DX-Data'!$F$19:$J$23,4,TRUE),IF($C20="PACKAGED",VLOOKUP($F20,'DX-Data'!$F$24:$J$30,4,TRUE),IF($C20="DUCTED-INV",VLOOKUP($F20,'DX-Data'!$F$12:$J$18,4,TRUE),"CHOOSE AC TYPE")))),0) -> 5 | AL20: =IF($G$9=TRUE,IF($C20="DUCTED",VLOOKUP($G20,'DX-Data'!$H$5:$J$11,2,TRUE),IF($C20="DECORATIVE",VLOOKUP($G20,'DX-Data'!$H$19:$J$23,2,TRUE),IF($C20="PACKAGED",VLOOKUP($G20,'DX-Data'!$H$24:$J$30,2,TRUE),IF($C20="DUCTED-INV",VLOOKUP($G20,'DX-Data'!$H$12:$J$18,2,TRUE),"CHOOSE AC TYPE")))),0) -> 0 | AM20: =MAX(AJ20:AL20) -> 6 | AN20: =IF(E20="","",VLOOKUP($AM20,'DX-Data'!$I$5:$J$31,2,FALSE)) -> FDMRN60AVKU - RR60AYKU | AO20: =IF(OR(AN20="",AN20=0),"",1) -> 1
B21: GF-DS-02 | C21: DUCTED | D21: LV ROOM | E21: 4.4 | F21: 4 | G21: 354 | H21: =AN21 -> FDMRN25AVKU - RR25AVKU | I21: =AO21 -> 1 | J21: =IF($H21="","",VLOOKUP($H21,Data!$C$6:$Y$29,2,FALSE)) -> 2 | K21: =IF($H21="","",VLOOKUP($H21,Data!$C$6:$Y$29,3,FALSE)) -> Non-Inverter | L21: =IF($H21="","",VLOOKUP($H21,Data!$C$6:$Y$29,4,FALSE)) -> R-410A | M21: =IF($H21="","",VLOOKUP($H21,Data!$C$6:$Y$29,5,FALSE)) -> 24/16 | N21: =IF($H21="","",VLOOKUP($H21,Data!$C$6:$Y$29,6,FALSE)) -> 46 | O21: =IF($H21="","",VLOOKUP($H21,Data!$C$6:$Y$29,7,FALSE)) -> 5.48 | P21: =IF($H21="","",VLOOKUP($H21,Data!$C$6:$Y$29,8,FALSE)) -> 5.05 | Q21: =IF($H21="","",VLOOKUP($H21,Data!$C$6:$Y$29,9,FALSE)) -> 303 | R21: =IF($H21="","",VLOOKUP($H21,Data!$C$6:$Y$29,10,FALSE)) -> MEDIUM | S21: =IF($H21="","",VLOOKUP($H21,Data!$C$6:$Y$29,11,FALSE)) -> 2.29 | T21: =IF($H21="","",VLOOKUP($H21,Data!$C$6:$Y$29,12,FALSE)) -> 2.35 | U21: =IF($H21="","",VLOOKUP($H21,Data!$C$6:$Y$29,13,FALSE)) -> 3.44 | V21: =IF($H21="","",VLOOKUP($H21,Data!$C$6:$Y$29,14,FALSE)) -> 40 | W21: =IF($H21="","",VLOOKUP($H21,Data!$C$6:$Y$29,15,FALSE)) -> 220-240/1/50 | X21: =IF($H21="","",VLOOKUP($H21,Data!$C$6:$Y$29,16,FALSE)) -> 378 | Y21: =IF($H21="","",VLOOKUP($H21,Data!$C$6:$Y$29,17,FALSE)) -> 1115 | Z21: =IF($H21="","",VLOOKUP($H21,Data!$C$6:$Y$29,18,FALSE)) -> 541 | AA21: =IF($H21="","",VLOOKUP($H21,Data!$C$6:$Y$29,19,FALSE)) -> 753 | AB21: =IF($H21="","",VLOOKUP($H21,Data!$C$6:$Y$29,20,FALSE)) -> 855 | AC21: =IF($H21="","",VLOOKUP($H21,Data!$C$6:$Y$29,21,FALSE)) -> 328 | AD21: =IF($H21="","",VLOOKUP($H21,Data!$C$6:$Y$29,22,FALSE)) -> 44 | AE21: =IF($H21="","",VLOOKUP($H21,Data!$C$6:$Y$29,23,FALSE)) -> 51 | AG21: =IF($E21="","",IF($C21="DUCTED",VLOOKUP($E21,'DX-Data'!$D$5:$J$11,7,TRUE),IF($C21="DECORATIVE",VLOOKUP($E21,'DX-Data'!$D$19:$J$23,7,TRUE),IF($C21="PACKAGED",VLOOKUP($E21,'DX-Data'!$D$24:$J$30,7,TRUE),IF($C21="DUCTED-INV",VLOOKUP($E21,'DX-Data'!$D$12:$J$18,7,TRUE),"CHOOSE AC TYPE"))))) -> FDMRN25AVKU - RR25AVKU | AH21: =IF($F$9=TRUE,IF($C21="DUCTED",VLOOKUP($F21,'DX-Data'!$F$5:$J$11,5,TRUE),IF($C21="DECORATIVE",VLOOKUP($F21,'DX-Data'!$F$19:$J$23,5,TRUE),IF($C21="PACKAGED",VLOOKUP($F21,'DX-Data'!$F$24:$J$30,5,TRUE),IF($C21="DUCTED-INV",VLOOKUP($F21,'DX-Data'!$F$12:$J$18,5,TRUE),"CHOOSE AC TYPE")))),"NO SELECTION") -> FDMRN20AVKU - RR20AVKU | AI21: =IF($G$9=TRUE,IF($C21="DUCTED",VLOOKUP($G21,'DX-Data'!$H$5:$J$11,3,TRUE),IF($C21="DECORATIVE",VLOOKUP($G21,'DX-Data'!$H$19:$J$23,3,TRUE),IF($C21="PACKAGED",VLOOKUP($G21,'DX-Data'!$H$24:$J$30,3,TRUE),IF($C21="DUCTED-INV",VLOOKUP($G21,'DX-Data'!$H$12:$J$18,3,TRUE),"CHOOSE AC TYPE")))),"NO SELECTION") -> NO SELECTION | AJ21: =IF($E21="","",IF($C21="DUCTED",VLOOKUP($E21,'DX-Data'!$D$5:$J$11,6,TRUE),IF($C21="DECORATIVE",VLOOKUP($E21,'DX-Data'!$D$19:$J$23,6,TRUE),IF($C21="PACKAGED",VLOOKUP($E21,'DX-Data'!$D$24:$J$30,6,TRUE),IF($C21="DUCTED-INV",VLOOKUP($E21,'DX-Data'!$D$12:$J$18,6,TRUE),0))))) -> 2 | AK21: =IF($F$9=TRUE,IF($C21="DUCTED",VLOOKUP($F21,'DX-Data'!$F$5:$J$11,4,TRUE),IF($C21="DECORATIVE",VLOOKUP($F21,'DX-Data'!$F$19:$J$23,4,TRUE),IF($C21="PACKAGED",VLOOKUP($F21,'DX-Data'!$F$24:$J$30,4,TRUE),IF($C21="DUCTED-INV",VLOOKUP($F21,'DX-Data'!$F$12:$J$18,4,TRUE),"CHOOSE AC TYPE")))),0) -> 1 | AL21: =IF($G$9=TRUE,IF($C21="DUCTED",VLOOKUP($G21,'DX-Data'!$H$5:$J$11,2,TRUE),IF($C21="DECORATIVE",VLOOKUP($G21,'DX-Data'!$H$19:$J$23,2,TRUE),IF($C21="PACKAGED",VLOOKUP($G21,'DX-Data'!$H$24:$J$30,2,TRUE),IF($C21="DUCTED-INV",VLOOKUP($G21,'DX-Data'!$H$12:$J$18,2,TRUE),"CHOOSE AC TYPE")))),0) -> 0 | AM21: =MAX(AJ21:AL21) -> 2 | AN21: =IF(E21="","",VLOOKUP($AM21,'DX-Data'!$I$5:$J$31,2,FALSE)) -> FDMRN25AVKU - RR25AVKU | AO21: =IF(OR(AN21="",AN21=0),"",1) -> 1
B22: GF-DS-03 | C22: DUCTED | D22: TELEPHONE ROOM | E22: 1.4 | F22: 1.2 | G22: 108 | H22: =AN22 -> FDMRN20AVKU - RR20AVKU | I22: =AO22 -> 1 | J22: =IF($H22="","",VLOOKUP($H22,Data!$C$6:$Y$29,2,FALSE)) -> 1.5 | K22: =IF($H22="","",VLOOKUP($H22,Data!$C$6:$Y$29,3,FALSE)) -> Non-Inverter | L22: =IF($H22="","",VLOOKUP($H22,Data!$C$6:$Y$29,4,FALSE)) -> R-410A | M22: =IF($H22="","",VLOOKUP($H22,Data!$C$6:$Y$29,5,FALSE)) -> 24/16 | N22: =IF($H22="","",VLOOKUP($H22,Data!$C$6:$Y$29,6,FALSE)) -> 46 | O22: =IF($H22="","",VLOOKUP($H22,Data!$C$6:$Y$29,7,FALSE)) -> 4.24 | P22: =IF($H22="","",VLOOKUP($H22,Data!$C$6:$Y$29,8,FALSE)) -> 4.11 | Q22: =IF($H22="","",VLOOKUP($H22,Data!$C$6:$Y$29,9,FALSE)) -> 255 | R22: =IF($H22="","",VLOOKUP($H22,Data!$C$6:$Y$29,10,FALSE)) -> MEDIUM | S22: =IF($H22="","",VLOOKUP($H22,Data!$C$6:$Y$29,11,FALSE)) -> 1.77 | T22: =IF($H22="","",VLOOKUP($H22,Data!$C$6:$Y$29,12,FALSE)) -> 1.8 | U22: =IF($H22="","",VLOOKUP($H22,Data!$C$6:$Y$29,13,FALSE)) -> 3.49 | V22: =IF($H22="","",VLOOKUP($H22,Data!$C$6:$Y$29,14,FALSE)) -> 40 | W22: =IF($H22="","",VLOOKUP($H22,Data!$C$6:$Y$29,15,FALSE)) -> 220-240/1/50 | X22: =IF($H22="","",VLOOKUP($H22,Data!$C$6:$Y$29,16,FALSE)) -> 261 | Y22: =IF($H22="","",VLOOKUP($H22,Data!$C$6:$Y$29,17,FALSE)) -> 1200 | Z22: =IF($H22="","",VLOOKUP($H22,Data!$C$6:$Y$29,18,FALSE)) -> 448 | AA22: =IF($H22="","",VLOOKUP($H22,Data!$C$6:$Y$29,19,FALSE)) -> 753 | AB22: =IF($H22="","",VLOOKUP($H22,Data!$C$6:$Y$29,20,FALSE)) -> 855 | AC22: =IF($H22="","",VLOOKUP($H22,Data!$C$6:$Y$29,21,FALSE)) -> 328 | AD22: =IF($H22="","",VLOOKUP($H22,Data!$C$6:$Y$29,22,FALSE)) -> 26 | AE22: =IF($H22="","",VLOOKUP($H22,Data!$C$6:$Y$29,23,FALSE)) -> 47 | AG22: =IF($E22="","",IF($C22="DUCTED",VLOOKUP($E22,'DX-Data'!$D$5:$J$11,7,TRUE),IF($C22="DECORATIVE",VLOOKUP($E22,'DX-Data'!$D$19:$J$23,7,TRUE),IF($C22="PACKAGED",VLOOKUP($E22,'DX-Data'!$D$24:$J$30,7,TRUE),IF($C22="DUCTED-INV",VLOOKUP($E22,'DX-Data'!$D$12:$J$18,7,TRUE),"CHOOSE AC TYPE"))))) -> FDMRN20AVKU - RR20AVKU | AH22: =IF($F$9=TRUE,IF($C22="DUCTED",VLOOKUP($F22,'DX-Data'!$F$5:$J$11,5,TRUE),IF($C22="DECORATIVE",VLOOKUP($F22,'DX-Data'!$F$19:$J$23,5,TRUE),IF($C22="PACKAGED",VLOOKUP($F22,'DX-Data'!$F$24:$J$30,5,TRUE),IF($C22="DUCTED-INV",VLOOKUP($F22,'DX-Data'!$F$12:$J$18,5,TRUE),"CHOOSE AC TYPE")))),"NO SELECTION") -> FDMRN20AVKU - RR20AVKU | AI22: =IF($G$9=TRUE,IF($C22="DUCTED",VLOOKUP($G22,'DX-Data'!$H$5:$J$11,3,TRUE),IF($C22="DECORATIVE",VLOOKUP($G22,'DX-Data'!$H$19:$J$23,3,TRUE),IF($C22="PACKAGED",VLOOKUP($G22,'DX-Data'!$H$24:$J$30,3,TRUE),IF($C22="DUCTED-INV",VLOOKUP($G22,'DX-Data'!$H$12:$J$18,3,TRUE),"CHOOSE AC TYPE")))),"NO SELECTION") -> NO SELECTION | AJ22: =IF($E22="","",IF($C22="DUCTED",VLOOKUP($E22,'DX-Data'!$D$5:$J$11,6,TRUE),IF($C22="DECORATIVE",VLOOKUP($E22,'DX-Data'!$D$19:$J$23,6,TRUE),IF($C22="PACKAGED",VLOOKUP($E22,'DX-Data'!$D$24:$J$30,6,TRUE),IF($C22="DUCTED-INV",VLOOKUP($E22,'DX-Data'!$D$12:$J$18,6,TRUE),0))))) -> 1 | AK22: =IF($F$9=TRUE,IF($C22="DUCTED",VLOOKUP($F22,'DX-Data'!$F$5:$J$11,4,TRUE),IF($C22="DECORATIVE",VLOOKUP($F22,'DX-Data'!$F$19:$J$23,4,TRUE),IF($C22="PACKAGED",VLOOKUP($F22,'DX-Data'!$F$24:$J$30,4,TRUE),IF($C22="DUCTED-INV",VLOOKUP($F22,'DX-Data'!$F$12:$J$18,4,TRUE),"CHOOSE AC TYPE")))),0) -> 1 | AL22: =IF($G$9=TRUE,IF($C22="DUCTED",VLOOKUP($G22,'DX-Data'!$H$5:$J$11,2,TRUE),IF($C22="DECORATIVE",VLOOKUP($G22,'DX-Data'!$H$19:$J$23,2,TRUE),IF($C22="PACKAGED",VLOOKUP($G22,'DX-Data'!$H$24:$J$30,2,TRUE),IF($C22="DUCTED-INV",VLOOKUP($G22,'DX-Data'!$H$12:$J$18,2,TRUE),"CHOOSE AC TYPE")))),0) -> 0 | AM22: =MAX(AJ22:AL22) -> 1 | AN22: =IF(E22="","",VLOOKUP($AM22,'DX-Data'!$I$5:$J$31,2,FALSE)) -> FDMRN20AVKU - RR20AVKU | AO22: =IF(OR(AN22="",AN22=0),"",1) -> 1
B23: GF-DS-04 | C23: DUCTED | D23: GARBAGE ROOM | E23: 4 | F23: 3.7 | G23: 333 | H23: =AN23 -> FDMRN20AVKU - RR20AVKU | I23: =AO23 -> 1 | J23: =IF($H23="","",VLOOKUP($H23,Data!$C$6:$Y$29,2,FALSE)) -> 1.5 | K23: =IF($H23="","",VLOOKUP($H23,Data!$C$6:$Y$29,3,FALSE)) -> Non-Inverter | L23: =IF($H23="","",VLOOKUP($H23,Data!$C$6:$Y$29,4,FALSE)) -> R-410A | M23: =IF($H23="","",VLOOKUP($H23,Data!$C$6:$Y$29,5,FALSE)) -> 24/16 | N23: =IF($H23="","",VLOOKUP($H23,Data!$C$6:$Y$29,6,FALSE)) -> 46 | O23: =IF($H23="","",VLOOKUP($H23,Data!$C$6:$Y$29,7,FALSE)) -> 4.24 | P23: =IF($H23="","",VLOOKUP($H23,Data!$C$6:$Y$29,8,FALSE)) -> 4.11 | Q23: =IF($H23="","",VLOOKUP($H23,Data!$C$6:$Y$29,9,FALSE)) -> 255 | R23: =IF($H23="","",VLOOKUP($H23,Data!$C$6:$Y$29,10,FALSE)) -> MEDIUM | S23: =IF($H23="","",VLOOKUP($H23,Data!$C$6:$Y$29,11,FALSE)) -> 1.77 | T23: =IF($H23="","",VLOOKUP($H23,Data!$C$6:$Y$29,12,FALSE)) -> 1.8 | U23: =IF($H23="","",VLOOKUP($H23,Data!$C$6:$Y$29,13,FALSE)) -> 3.49 | V23: =IF($H23="","",VLOOKUP($H23,Data!$C$6:$Y$29,14,FALSE)) -> 40 | W23: =IF($H23="","",VLOOKUP($H23,Data!$C$6:$Y$29,15,FALSE)) -> 220-240/1/50 | X23: =IF($H23="","",VLOOKUP($H23,Data!$C$6:$Y$29,16,FALSE)) -> 261 | Y23: =IF($H23="","",VLOOKUP($H23,Data!$C$6:$Y$29,17,FALSE)) -> 1200 | Z23: =IF($H23="","",VLOOKUP($H23,Data!$C$6:$Y$29,18,FALSE)) -> 448 | AA23: =IF($H23="","",VLOOKUP($H23,Data!$C$6:$Y$29,19,FALSE)) -> 753 | AB23: =IF($H23="","",VLOOKUP($H23,Data!$C$6:$Y$29,20,FALSE)) -> 855 | AC23: =IF($H23="","",VLOOKUP($H23,Data!$C$6:$Y$29,21,FALSE)) -> 328 | AD23: =IF($H23="","",VLOOKUP($H23,Data!$C$6:$Y$29,22,FALSE)) -> 26 | AE23: =IF($H23="","",VLOOKUP($H23,Data!$C$6:$Y$29,23,FALSE)) -> 47 | AG23: =IF($E23="","",IF($C23="DUCTED",VLOOKUP($E23,'DX-Data'!$D$5:$J$11,7,TRUE),IF($C23="DECORATIVE",VLOOKUP($E23,'DX-Data'!$D$19:$J$23,7,TRUE),IF($C23="PACKAGED",VLOOKUP($E23,'DX-Data'!$D$24:$J$30,7,TRUE),IF($C23="DUCTED-INV",VLOOKUP($E23,'DX-Data'!$D$12:$J$18,7,TRUE),"CHOOSE AC TYPE"))))) -> FDMRN20AVKU - RR20AVKU | AH23: =IF($F$9=TRUE,IF($C23="DUCTED",VLOOKUP($F23,'DX-Data'!$F$5:$J$11,5,TRUE),IF($C23="DECORATIVE",VLOOKUP($F23,'DX-Data'!$F$19:$J$23,5,TRUE),IF($C23="PACKAGED",VLOOKUP($F23,'DX-Data'!$F$24:$J$30,5,TRUE),IF($C23="DUCTED-INV",VLOOKUP($F23,'DX-Data'!$F$12:$J$18,5,TRUE),"CHOOSE AC TYPE")))),"NO SELECTION") -> FDMRN20AVKU - RR20AVKU | AI23: =IF($G$9=TRUE,IF($C23="DUCTED",VLOOKUP($G23,'DX-Data'!$H$5:$J$11,3,TRUE),IF($C23="DECORATIVE",VLOOKUP($G23,'DX-Data'!$H$19:$J$23,3,TRUE),IF($C23="PACKAGED",VLOOKUP($G23,'DX-Data'!$H$24:$J$30,3,TRUE),IF($C23="DUCTED-INV",VLOOKUP($G23,'DX-Data'!$H$12:$J$18,3,TRUE),"CHOOSE AC TYPE")))),"NO SELECTION") -> NO SELECTION | AJ23: =IF($E23="","",IF($C23="DUCTED",VLOOKUP($E23,'DX-Data'!$D$5:$J$11,6,TRUE),IF($C23="DECORATIVE",VLOOKUP($E23,'DX-Data'!$D$19:$J$23,6,TRUE),IF($C23="PACKAGED",VLOOKUP($E23,'DX-Data'!$D$24:$J$30,6,TRUE),IF($C23="DUCTED-INV",VLOOKUP($E23,'DX-Data'!$D$12:$J$18,6,TRUE),0))))) -> 1 | AK23: =IF($F$9=TRUE,IF($C23="DUCTED",VLOOKUP($F23,'DX-Data'!$F$5:$J$11,4,TRUE),IF($C23="DECORATIVE",VLOOKUP($F23,'DX-Data'!$F$19:$J$23,4,TRUE),IF($C23="PACKAGED",VLOOKUP($F23,'DX-Data'!$F$24:$J$30,4,TRUE),IF($C23="DUCTED-INV",VLOOKUP($F23,'DX-Data'!$F$12:$J$18,4,TRUE),"CHOOSE AC TYPE")))),0) -> 1 | AL23: =IF($G$9=TRUE,IF($C23="DUCTED",VLOOKUP($G23,'DX-Data'!$H$5:$J$11,2,TRUE),IF($C23="DECORATIVE",VLOOKUP($G23,'DX-Data'!$H$19:$J$23,2,TRUE),IF($C23="PACKAGED",VLOOKUP($G23,'DX-Data'!$H$24:$J$30,2,TRUE),IF($C23="DUCTED-INV",VLOOKUP($G23,'DX-Data'!$H$12:$J$18,2,TRUE),"CHOOSE AC TYPE")))),0) -> 0 | AM23: =MAX(AJ23:AL23) -> 1 | AN23: =IF(E23="","",VLOOKUP($AM23,'DX-Data'!$I$5:$J$31,2,FALSE)) -> FDMRN20AVKU - RR20AVKU | AO23: =IF(OR(AN23="",AN23=0),"",1) -> 1
B24: GF-DS-05 | C24: DUCTED | D24: CCTV ROOM | E24: 1.6 | F24: 1.5 | G24: 135 | H24: =AN24 -> FDMRN20AVKU - RR20AVKU | I24: =AO24 -> 1 | J24: =IF($H24="","",VLOOKUP($H24,Data!$C$6:$Y$29,2,FALSE)) -> 1.5 | K24: =IF($H24="","",VLOOKUP($H24,Data!$C$6:$Y$29,3,FALSE)) -> Non-Inverter | L24: =IF($H24="","",VLOOKUP($H24,Data!$C$6:$Y$29,4,FALSE)) -> R-410A | M24: =IF($H24="","",VLOOKUP($H24,Data!$C$6:$Y$29,5,FALSE)) -> 24/16 | N24: =IF($H24="","",VLOOKUP($H24,Data!$C$6:$Y$29,6,FALSE)) -> 46 | O24: =IF($H24="","",VLOOKUP($H24,Data!$C$6:$Y$29,7,FALSE)) -> 4.24 | P24: =IF($H24="","",VLOOKUP($H24,Data!$C$6:$Y$29,8,FALSE)) -> 4.11 | Q24: =IF($H24="","",VLOOKUP($H24,Data!$C$6:$Y$29,9,FALSE)) -> 255 | R24: =IF($H24="","",VLOOKUP($H24,Data!$C$6:$Y$29,10,FALSE)) -> MEDIUM | S24: =IF($H24="","",VLOOKUP($H24,Data!$C$6:$Y$29,11,FALSE)) -> 1.77 | T24: =IF($H24="","",VLOOKUP($H24,Data!$C$6:$Y$29,12,FALSE)) -> 1.8 | U24: =IF($H24="","",VLOOKUP($H24,Data!$C$6:$Y$29,13,FALSE)) -> 3.49 | V24: =IF($H24="","",VLOOKUP($H24,Data!$C$6:$Y$29,14,FALSE)) -> 40 | W24: =IF($H24="","",VLOOKUP($H24,Data!$C$6:$Y$29,15,FALSE)) -> 220-240/1/50 | X24: =IF($H24="","",VLOOKUP($H24,Data!$C$6:$Y$29,16,FALSE)) -> 261 | Y24: =IF($H24="","",VLOOKUP($H24,Data!$C$6:$Y$29,17,FALSE)) -> 1200 | Z24: =IF($H24="","",VLOOKUP($H24,Data!$C$6:$Y$29,18,FALSE)) -> 448 | AA24: =IF($H24="","",VLOOKUP($H24,Data!$C$6:$Y$29,19,FALSE)) -> 753 | AB24: =IF($H24="","",VLOOKUP($H24,Data!$C$6:$Y$29,20,FALSE)) -> 855 | AC24: =IF($H24="","",VLOOKUP($H24,Data!$C$6:$Y$29,21,FALSE)) -> 328 | AD24: =IF($H24="","",VLOOKUP($H24,Data!$C$6:$Y$29,22,FALSE)) -> 26 | AE24: =IF($H24="","",VLOOKUP($H24,Data!$C$6:$Y$29,23,FALSE)) -> 47 | AG24: =IF($E24="","",IF($C24="DUCTED",VLOOKUP($E24,'DX-Data'!$D$5:$J$11,7,TRUE),IF($C24="DECORATIVE",VLOOKUP($E24,'DX-Data'!$D$19:$J$23,7,TRUE),IF($C24="PACKAGED",VLOOKUP($E24,'DX-Data'!$D$24:$J$30,7,TRUE),IF($C24="DUCTED-INV",VLOOKUP($E24,'DX-Data'!$D$12:$J$18,7,TRUE),"CHOOSE AC TYPE"))))) -> FDMRN20AVKU - RR20AVKU | AH24: =IF($F$9=TRUE,IF($C24="DUCTED",VLOOKUP($F24,'DX-Data'!$F$5:$J$11,5,TRUE),IF($C24="DECORATIVE",VLOOKUP($F24,'DX-Data'!$F$19:$J$23,5,TRUE),IF($C24="PACKAGED",VLOOKUP($F24,'DX-Data'!$F$24:$J$30,5,TRUE),IF($C24="DUCTED-INV",VLOOKUP($F24,'DX-Data'!$F$12:$J$18,5,TRUE),"CHOOSE AC TYPE")))),"NO SELECTION") -> FDMRN20AVKU - RR20AVKU | AI24: =IF($G$9=TRUE,IF($C24="DUCTED",VLOOKUP($G24,'DX-Data'!$H$5:$J$11,3,TRUE),IF($C24="DECORATIVE",VLOOKUP($G24,'DX-Data'!$H$19:$J$23,3,TRUE),IF($C24="PACKAGED",VLOOKUP($G24,'DX-Data'!$H$24:$J$30,3,TRUE),IF($C24="DUCTED-INV",VLOOKUP($G24,'DX-Data'!$H$12:$J$18,3,TRUE),"CHOOSE AC TYPE")))),"NO SELECTION") -> NO SELECTION | AJ24: =IF($E24="","",IF($C24="DUCTED",VLOOKUP($E24,'DX-Data'!$D$5:$J$11,6,TRUE),IF($C24="DECORATIVE",VLOOKUP($E24,'DX-Data'!$D$19:$J$23,6,TRUE),IF($C24="PACKAGED",VLOOKUP($E24,'DX-Data'!$D$24:$J$30,6,TRUE),IF($C24="DUCTED-INV",VLOOKUP($E24,'DX-Data'!$D$12:$J$18,6,TRUE),0))))) -> 1 | AK24: =IF($F$9=TRUE,IF($C24="DUCTED",VLOOKUP($F24,'DX-Data'!$F$5:$J$11,4,TRUE),IF($C24="DECORATIVE",VLOOKUP($F24,'DX-Data'!$F$19:$J$23,4,TRUE),IF($C24="PACKAGED",VLOOKUP($F24,'DX-Data'!$F$24:$J$30,4,TRUE),IF($C24="DUCTED-INV",VLOOKUP($F24,'DX-Data'!$F$12:$J$18,4,TRUE),"CHOOSE AC TYPE")))),0) -> 1 | AL24: =IF($G$9=TRUE,IF($C24="DUCTED",VLOOKUP($G24,'DX-Data'!$H$5:$J$11,2,TRUE),IF($C24="DECORATIVE",VLOOKUP($G24,'DX-Data'!$H$19:$J$23,2,TRUE),IF($C24="PACKAGED",VLOOKUP($G24,'DX-Data'!$H$24:$J$30,2,TRUE),IF($C24="DUCTED-INV",VLOOKUP($G24,'DX-Data'!$H$12:$J$18,2,TRUE),"CHOOSE AC TYPE")))),0) -> 0 | AM24: =MAX(AJ24:AL24) -> 1 | AN24: =IF(E24="","",VLOOKUP($AM24,'DX-Data'!$I$5:$J$31,2,FALSE)) -> FDMRN20AVKU - RR20AVKU | AO24: =IF(OR(AN24="",AN24=0),"",1) -> 1
B26: PD-DS-01 | C26: DUCTED | D26: LIFT LOBBY | E26: 2.9 | F26: 2.8 | G26: 276 | H26: =AN26 -> FDMRN20AVKU - RR20AVKU | I26: =AO26 -> 1 | J26: =IF($H26="","",VLOOKUP($H26,Data!$C$6:$Y$29,2,FALSE)) -> 1.5 | K26: =IF($H26="","",VLOOKUP($H26,Data!$C$6:$Y$29,3,FALSE)) -> Non-Inverter | L26: =IF($H26="","",VLOOKUP($H26,Data!$C$6:$Y$29,4,FALSE)) -> R-410A | M26: =IF($H26="","",VLOOKUP($H26,Data!$C$6:$Y$29,5,FALSE)) -> 24/16 | N26: =IF($H26="","",VLOOKUP($H26,Data!$C$6:$Y$29,6,FALSE)) -> 46 | O26: =IF($H26="","",VLOOKUP($H26,Data!$C$6:$Y$29,7,FALSE)) -> 4.24 | P26: =IF($H26="","",VLOOKUP($H26,Data!$C$6:$Y$29,8,FALSE)) -> 4.11 | Q26: =IF($H26="","",VLOOKUP($H26,Data!$C$6:$Y$29,9,FALSE)) -> 255 | R26: =IF($H26="","",VLOOKUP($H26,Data!$C$6:$Y$29,10,FALSE)) -> MEDIUM | S26: =IF($H26="","",VLOOKUP($H26,Data!$C$6:$Y$29,11,FALSE)) -> 1.77 | T26: =IF($H26="","",VLOOKUP($H26,Data!$C$6:$Y$29,12,FALSE)) -> 1.8 | U26: =IF($H26="","",VLOOKUP($H26,Data!$C$6:$Y$29,13,FALSE)) -> 3.49 | V26: =IF($H26="","",VLOOKUP($H26,Data!$C$6:$Y$29,14,FALSE)) -> 40 | W26: =IF($H26="","",VLOOKUP($H26,Data!$C$6:$Y$29,15,FALSE)) -> 220-240/1/50 | X26: =IF($H26="","",VLOOKUP($H26,Data!$C$6:$Y$29,16,FALSE)) -> 261 | Y26: =IF($H26="","",VLOOKUP($H26,Data!$C$6:$Y$29,17,FALSE)) -> 1200 | Z26: =IF($H26="","",VLOOKUP($H26,Data!$C$6:$Y$29,18,FALSE)) -> 448 | AA26: =IF($H26="","",VLOOKUP($H26,Data!$C$6:$Y$29,19,FALSE)) -> 753 | AB26: =IF($H26="","",VLOOKUP($H26,Data!$C$6:$Y$29,20,FALSE)) -> 855 | AC26: =IF($H26="","",VLOOKUP($H26,Data!$C$6:$Y$29,21,FALSE)) -> 328 | AD26: =IF($H26="","",VLOOKUP($H26,Data!$C$6:$Y$29,22,FALSE)) -> 26 | AE26: =IF($H26="","",VLOOKUP($H26,Data!$C$6:$Y$29,23,FALSE)) -> 47 | AG26: =IF($E26="","",IF($C26="DUCTED",VLOOKUP($E26,'DX-Data'!$D$5:$J$11,7,TRUE),IF($C26="DECORATIVE",VLOOKUP($E26,'DX-Data'!$D$19:$J$23,7,TRUE),IF($C26="PACKAGED",VLOOKUP($E26,'DX-Data'!$D$24:$J$30,7,TRUE),IF($C26="DUCTED-INV",VLOOKUP($E26,'DX-Data'!$D$12:$J$18,7,TRUE),"CHOOSE AC TYPE"))))) -> FDMRN20AVKU - RR20AVKU | AH26: =IF($F$9=TRUE,IF($C26="DUCTED",VLOOKUP($F26,'DX-Data'!$F$5:$J$11,5,TRUE),IF($C26="DECORATIVE",VLOOKUP($F26,'DX-Data'!$F$19:$J$23,5,TRUE),IF($C26="PACKAGED",VLOOKUP($F26,'DX-Data'!$F$24:$J$30,5,TRUE),IF($C26="DUCTED-INV",VLOOKUP($F26,'DX-Data'!$F$12:$J$18,5,TRUE),"CHOOSE AC TYPE")))),"NO SELECTION") -> FDMRN20AVKU - RR20AVKU | AI26: =IF($G$9=TRUE,IF($C26="DUCTED",VLOOKUP($G26,'DX-Data'!$H$5:$J$11,3,TRUE),IF($C26="DECORATIVE",VLOOKUP($G26,'DX-Data'!$H$19:$J$23,3,TRUE),IF($C26="PACKAGED",VLOOKUP($G26,'DX-Data'!$H$24:$J$30,3,TRUE),IF($C26="DUCTED-INV",VLOOKUP($G26,'DX-Data'!$H$12:$J$18,3,TRUE),"CHOOSE AC TYPE")))),"NO SELECTION") -> NO SELECTION | AJ26: =IF($E26="","",IF($C26="DUCTED",VLOOKUP($E26,'DX-Data'!$D$5:$J$11,6,TRUE),IF($C26="DECORATIVE",VLOOKUP($E26,'DX-Data'!$D$19:$J$23,6,TRUE),IF($C26="PACKAGED",VLOOKUP($E26,'DX-Data'!$D$24:$J$30,6,TRUE),IF($C26="DUCTED-INV",VLOOKUP($E26,'DX-Data'!$D$12:$J$18,6,TRUE),0))))) -> 1 | AK26: =IF($F$9=TRUE,IF($C26="DUCTED",VLOOKUP($F26,'DX-Data'!$F$5:$J$11,4,TRUE),IF($C26="DECORATIVE",VLOOKUP($F26,'DX-Data'!$F$19:$J$23,4,TRUE),IF($C26="PACKAGED",VLOOKUP($F26,'DX-Data'!$F$24:$J$30,4,TRUE),IF($C26="DUCTED-INV",VLOOKUP($F26,'DX-Data'!$F$12:$J$18,4,TRUE),"CHOOSE AC TYPE")))),0) -> 1 | AL26: =IF($G$9=TRUE,IF($C26="DUCTED",VLOOKUP($G26,'DX-Data'!$H$5:$J$11,2,TRUE),IF($C26="DECORATIVE",VLOOKUP($G26,'DX-Data'!$H$19:$J$23,2,TRUE),IF($C26="PACKAGED",VLOOKUP($G26,'DX-Data'!$H$24:$J$30,2,TRUE),IF($C26="DUCTED-INV",VLOOKUP($G26,'DX-Data'!$H$12:$J$18,2,TRUE),"CHOOSE AC TYPE")))),0) -> 0 | AM26: =MAX(AJ26:AL26) -> 1 | AN26: =IF(E26="","",VLOOKUP($AM26,'DX-Data'!$I$5:$J$31,2,FALSE)) -> FDMRN20AVKU - RR20AVKU | AO26: =IF(OR(AN26="",AN26=0),"",1) -> 1
B28: 1F-DS-01 | C28: DUCTED | D28: APT 01 | E28: 9.1 | F28: 7.7 | G28: 757 | H28: =AN28 -> FDMRN50AVKU - RR50AYKU | I28: =AO28 -> 1 | J28: =IF($H28="","",VLOOKUP($H28,Data!$C$6:$Y$29,2,FALSE)) -> 4 | K28: =IF($H28="","",VLOOKUP($H28,Data!$C$6:$Y$29,3,FALSE)) -> Non-Inverter | L28: =IF($H28="","",VLOOKUP($H28,Data!$C$6:$Y$29,4,FALSE)) -> R-410A | M28: =IF($H28="","",VLOOKUP($H28,Data!$C$6:$Y$29,5,FALSE)) -> 24/16 | N28: =IF($H28="","",VLOOKUP($H28,Data!$C$6:$Y$29,6,FALSE)) -> 46 | O28: =IF($H28="","",VLOOKUP($H28,Data!$C$6:$Y$29,7,FALSE)) -> 11.46 | P28: =IF($H28="","",VLOOKUP($H28,Data!$C$6:$Y$29,8,FALSE)) -> 9.96 | Q28: =IF($H28="","",VLOOKUP($H28,Data!$C$6:$Y$29,9,FALSE)) -> 686 | R28: =IF($H28="","",VLOOKUP($H28,Data!$C$6:$Y$29,10,FALSE)) -> MEDIUM | S28: =IF($H28="","",VLOOKUP($H28,Data!$C$6:$Y$29,11,FALSE)) -> 4.7 | T28: =IF($H28="","",VLOOKUP($H28,Data!$C$6:$Y$29,12,FALSE)) -> 4.95 | U28: =IF($H28="","",VLOOKUP($H28,Data!$C$6:$Y$29,13,FALSE)) -> 3.41 | V28: =IF($H28="","",VLOOKUP($H28,Data!$C$6:$Y$29,14,FALSE)) -> 50 | W28: =IF($H28="","",VLOOKUP($H28,Data!$C$6:$Y$29,15,FALSE)) -> 380-415/3/50 | X28: =IF($H28="","",VLOOKUP($H28,Data!$C$6:$Y$29,16,FALSE)) -> 378 | Y28: =IF($H28="","",VLOOKUP($H28,Data!$C$6:$Y$29,17,FALSE)) -> 1569 | Z28: =IF($H28="","",VLOOKUP($H28,Data!$C$6:$Y$29,18,FALSE)) -> 541 | AA28: =IF($H28="","",VLOOKUP($H28,Data!$C$6:$Y$29,19,FALSE)) -> 852 | AB28: =IF($H28="","",VLOOKUP($H28,Data!$C$6:$Y$29,20,FALSE)) -> 1030 | AC28: =IF($H28="","",VLOOKUP($H28,Data!$C$6:$Y$29,21,FALSE)) -> 400 | AD28: =IF($H28="","",VLOOKUP($H28,Data!$C$6:$Y$29,22,FALSE)) -> 56 | AE28: =IF($H28="","",VLOOKUP($H28,Data!$C$6:$Y$29,23,FALSE)) -> 87 | AG28: =IF($E28="","",IF($C28="DUCTED",VLOOKUP($E28,'DX-Data'!$D$5:$J$11,7,TRUE),IF($C28="DECORATIVE",VLOOKUP($E28,'DX-Data'!$D$19:$J$23,7,TRUE),IF($C28="PACKAGED",VLOOKUP($E28,'DX-Data'!$D$24:$J$30,7,TRUE),IF($C28="DUCTED-INV",VLOOKUP($E28,'DX-Data'!$D$12:$J$18,7,TRUE),"CHOOSE AC TYPE"))))) -> FDMRN50AVKU - RR50AYKU | AH28: =IF($F$9=TRUE,IF($C28="DUCTED",VLOOKUP($F28,'DX-Data'!$F$5:$J$11,5,TRUE),IF($C28="DECORATIVE",VLOOKUP($F28,'DX-Data'!$F$19:$J$23,5,TRUE),IF($C28="PACKAGED",VLOOKUP($F28,'DX-Data'!$F$24:$J$30,5,TRUE),IF($C28="DUCTED-INV",VLOOKUP($F28,'DX-Data'!$F$12:$J$18,5,TRUE),"CHOOSE AC TYPE")))),"NO SELECTION") -> FDMRN36AVKU - RR36AVKU | AI28: =IF($G$9=TRUE,IF($C28="DUCTED",VLOOKUP($G28,'DX-Data'!$H$5:$J$11,3,TRUE),IF($C28="DECORATIVE",VLOOKUP($G28,'DX-Data'!$H$19:$J$23,3,TRUE),IF($C28="PACKAGED",VLOOKUP($G28,'DX-Data'!$H$24:$J$30,3,TRUE),IF($C28="DUCTED-INV",VLOOKUP($G28,'DX-Data'!$H$12:$J$18,3,TRUE),"CHOOSE AC TYPE")))),"NO SELECTION") -> NO SELECTION | AJ28: =IF($E28="","",IF($C28="DUCTED",VLOOKUP($E28,'DX-Data'!$D$5:$J$11,6,TRUE),IF($C28="DECORATIVE",VLOOKUP($E28,'DX-Data'!$D$19:$J$23,6,TRUE),IF($C28="PACKAGED",VLOOKUP($E28,'DX-Data'!$D$24:$J$30,6,TRUE),IF($C28="DUCTED-INV",VLOOKUP($E28,'DX-Data'!$D$12:$J$18,6,TRUE),0))))) -> 5 | AK28: =IF($F$9=TRUE,IF($C28="DUCTED",VLOOKUP($F28,'DX-Data'!$F$5:$J$11,4,TRUE),IF($C28="DECORATIVE",VLOOKUP($F28,'DX-Data'!$F$19:$J$23,4,TRUE),IF($C28="PACKAGED",VLOOKUP($F28,'DX-Data'!$F$24:$J$30,4,TRUE),IF($C28="DUCTED-INV",VLOOKUP($F28,'DX-Data'!$F$12:$J$18,4,TRUE),"CHOOSE AC TYPE")))),0) -> 4 | AL28: =IF($G$9=TRUE,IF($C28="DUCTED",VLOOKUP($G28,'DX-Data'!$H$5:$J$11,2,TRUE),IF($C28="DECORATIVE",VLOOKUP($G28,'DX-Data'!$H$19:$J$23,2,TRUE),IF($C28="PACKAGED",VLOOKUP($G28,'DX-Data'!$H$24:$J$30,2,TRUE),IF($C28="DUCTED-INV",VLOOKUP($G28,'DX-Data'!$H$12:$J$18,2,TRUE),"CHOOSE AC TYPE")))),0) -> 0 | AM28: =MAX(AJ28:AL28) -> 5 | AN28: =IF(E28="","",VLOOKUP($AM28,'DX-Data'!$I$5:$J$31,2,FALSE)) -> FDMRN50AVKU - RR50AYKU | AO28: =IF(OR(AN28="",AN28=0),"",1) -> 1
B29: 1F-DS-02 | C29: DUCTED | D29: APT 02 | E29: 4.4 | F29: 3.7 | G29: 309 | H29: =AN29 -> FDMRN25AVKU - RR25AVKU | I29: =AO29 -> 1 | J29: =IF($H29="","",VLOOKUP($H29,Data!$C$6:$Y$29,2,FALSE)) -> 2 | K29: =IF($H29="","",VLOOKUP($H29,Data!$C$6:$Y$29,3,FALSE)) -> Non-Inverter | L29: =IF($H29="","",VLOOKUP($H29,Data!$C$6:$Y$29,4,FALSE)) -> R-410A | M29: =IF($H29="","",VLOOKUP($H29,Data!$C$6:$Y$29,5,FALSE)) -> 24/16 | N29: =IF($H29="","",VLOOKUP($H29,Data!$C$6:$Y$29,6,FALSE)) -> 46 | O29: =IF($H29="","",VLOOKUP($H29,Data!$C$6:$Y$29,7,FALSE)) -> 5.48 | P29: =IF($H29="","",VLOOKUP($H29,Data!$C$6:$Y$29,8,FALSE)) -> 5.05 | Q29: =IF($H29="","",VLOOKUP($H29,Data!$C$6:$Y$29,9,FALSE)) -> 303 | R29: =IF($H29="","",VLOOKUP($H29,Data!$C$6:$Y$29,10,FALSE)) -> MEDIUM | S29: =IF($H29="","",VLOOKUP($H29,Data!$C$6:$Y$29,11,FALSE)) -> 2.29 | T29: =IF($H29="","",VLOOKUP($H29,Data!$C$6:$Y$29,12,FALSE)) -> 2.35 | U29: =IF($H29="","",VLOOKUP($H29,Data!$C$6:$Y$29,13,FALSE)) -> 3.44 | V29: =IF($H29="","",VLOOKUP($H29,Data!$C$6:$Y$29,14,FALSE)) -> 40 | W29: =IF($H29="","",VLOOKUP($H29,Data!$C$6:$Y$29,15,FALSE)) -> 220-240/1/50 | X29: =IF($H29="","",VLOOKUP($H29,Data!$C$6:$Y$29,16,FALSE)) -> 378 | Y29: =IF($H29="","",VLOOKUP($H29,Data!$C$6:$Y$29,17,FALSE)) -> 1115 | Z29: =IF($H29="","",VLOOKUP($H29,Data!$C$6:$Y$29,18,FALSE)) -> 541 | AA29: =IF($H29="","",VLOOKUP($H29,Data!$C$6:$Y$29,19,FALSE)) -> 753 | AB29: =IF($H29="","",VLOOKUP($H29,Data!$C$6:$Y$29,20,FALSE)) -> 855 | AC29: =IF($H29="","",VLOOKUP($H29,Data!$C$6:$Y$29,21,FALSE)) -> 328 | AD29: =IF($H29="","",VLOOKUP($H29,Data!$C$6:$Y$29,22,FALSE)) -> 44 | AE29: =IF($H29="","",VLOOKUP($H29,Data!$C$6:$Y$29,23,FALSE)) -> 51 | AG29: =IF($E29="","",IF($C29="DUCTED",VLOOKUP($E29,'DX-Data'!$D$5:$J$11,7,TRUE),IF($C29="DECORATIVE",VLOOKUP($E29,'DX-Data'!$D$19:$J$23,7,TRUE),IF($C29="PACKAGED",VLOOKUP($E29,'DX-Data'!$D$24:$J$30,7,TRUE),IF($C29="DUCTED-INV",VLOOKUP($E29,'DX-Data'!$D$12:$J$18,7,TRUE),"CHOOSE AC TYPE"))))) -> FDMRN25AVKU - RR25AVKU | AH29: =IF($F$9=TRUE,IF($C29="DUCTED",VLOOKUP($F29,'DX-Data'!$F$5:$J$11,5,TRUE),IF($C29="DECORATIVE",VLOOKUP($F29,'DX-Data'!$F$19:$J$23,5,TRUE),IF($C29="PACKAGED",VLOOKUP($F29,'DX-Data'!$F$24:$J$30,5,TRUE),IF($C29="DUCTED-INV",VLOOKUP($F29,'DX-Data'!$F$12:$J$18,5,TRUE),"CHOOSE AC TYPE")))),"NO SELECTION") -> FDMRN20AVKU - RR20AVKU | AI29: =IF($G$9=TRUE,IF($C29="DUCTED",VLOOKUP($G29,'DX-Data'!$H$5:$J$11,3,TRUE),IF($C29="DECORATIVE",VLOOKUP($G29,'DX-Data'!$H$19:$J$23,3,TRUE),IF($C29="PACKAGED",VLOOKUP($G29,'DX-Data'!$H$24:$J$30,3,TRUE),IF($C29="DUCTED-INV",VLOOKUP($G29,'DX-Data'!$H$12:$J$18,3,TRUE),"CHOOSE AC TYPE")))),"NO SELECTION") -> NO SELECTION | AJ29: =IF($E29="","",IF($C29="DUCTED",VLOOKUP($E29,'DX-Data'!$D$5:$J$11,6,TRUE),IF($C29="DECORATIVE",VLOOKUP($E29,'DX-Data'!$D$19:$J$23,6,TRUE),IF($C29="PACKAGED",VLOOKUP($E29,'DX-Data'!$D$24:$J$30,6,TRUE),IF($C29="DUCTED-INV",VLOOKUP($E29,'DX-Data'!$D$12:$J$18,6,TRUE),0))))) -> 2 | AK29: =IF($F$9=TRUE,IF($C29="DUCTED",VLOOKUP($F29,'DX-Data'!$F$5:$J$11,4,TRUE),IF($C29="DECORATIVE",VLOOKUP($F29,'DX-Data'!$F$19:$J$23,4,TRUE),IF($C29="PACKAGED",VLOOKUP($F29,'DX-Data'!$F$24:$J$30,4,TRUE),IF($C29="DUCTED-INV",VLOOKUP($F29,'DX-Data'!$F$12:$J$18,4,TRUE),"CHOOSE AC TYPE")))),0) -> 1 | AL29: =IF($G$9=TRUE,IF($C29="DUCTED",VLOOKUP($G29,'DX-Data'!$H$5:$J$11,2,TRUE),IF($C29="DECORATIVE",VLOOKUP($G29,'DX-Data'!$H$19:$J$23,2,TRUE),IF($C29="PACKAGED",VLOOKUP($G29,'DX-Data'!$H$24:$J$30,2,TRUE),IF($C29="DUCTED-INV",VLOOKUP($G29,'DX-Data'!$H$12:$J$18,2,TRUE),"CHOOSE AC TYPE")))),0) -> 0 | AM29: =MAX(AJ29:AL29) -> 2 | AN29: =IF(E29="","",VLOOKUP($AM29,'DX-Data'!$I$5:$J$31,2,FALSE)) -> FDMRN25AVKU - RR25AVKU | AO29: =IF(OR(AN29="",AN29=0),"",1) -> 1
B30: 1F-DS-03 | C30: DUCTED | D30: APT 03 | E30: 4.4 | F30: 3.7 | G30: 309 | H30: =AN30 -> FDMRN25AVKU - RR25AVKU | I30: =AO30 -> 1 | J30: =IF($H30="","",VLOOKUP($H30,Data!$C$6:$Y$29,2,FALSE)) -> 2 | K30: =IF($H30="","",VLOOKUP($H30,Data!$C$6:$Y$29,3,FALSE)) -> Non-Inverter | L30: =IF($H30="","",VLOOKUP($H30,Data!$C$6:$Y$29,4,FALSE)) -> R-410A | M30: =IF($H30="","",VLOOKUP($H30,Data!$C$6:$Y$29,5,FALSE)) -> 24/16 | N30: =IF($H30="","",VLOOKUP($H30,Data!$C$6:$Y$29,6,FALSE)) -> 46 | O30: =IF($H30="","",VLOOKUP($H30,Data!$C$6:$Y$29,7,FALSE)) -> 5.48 | P30: =IF($H30="","",VLOOKUP($H30,Data!$C$6:$Y$29,8,FALSE)) -> 5.05 | Q30: =IF($H30="","",VLOOKUP($H30,Data!$C$6:$Y$29,9,FALSE)) -> 303 | R30: =IF($H30="","",VLOOKUP($H30,Data!$C$6:$Y$29,10,FALSE)) -> MEDIUM | S30: =IF($H30="","",VLOOKUP($H30,Data!$C$6:$Y$29,11,FALSE)) -> 2.29 | T30: =IF($H30="","",VLOOKUP($H30,Data!$C$6:$Y$29,12,FALSE)) -> 2.35 | U30: =IF($H30="","",VLOOKUP($H30,Data!$C$6:$Y$29,13,FALSE)) -> 3.44 | V30: =IF($H30="","",VLOOKUP($H30,Data!$C$6:$Y$29,14,FALSE)) -> 40 | W30: =IF($H30="","",VLOOKUP($H30,Data!$C$6:$Y$29,15,FALSE)) -> 220-240/1/50 | X30: =IF($H30="","",VLOOKUP($H30,Data!$C$6:$Y$29,16,FALSE)) -> 378 | Y30: =IF($H30="","",VLOOKUP($H30,Data!$C$6:$Y$29,17,FALSE)) -> 1115 | Z30: =IF($H30="","",VLOOKUP($H30,Data!$C$6:$Y$29,18,FALSE)) -> 541 | AA30: =IF($H30="","",VLOOKUP($H30,Data!$C$6:$Y$29,19,FALSE)) -> 753 | AB30: =IF($H30="","",VLOOKUP($H30,Data!$C$6:$Y$29,20,FALSE)) -> 855 | AC30: =IF($H30="","",VLOOKUP($H30,Data!$C$6:$Y$29,21,FALSE)) -> 328 | AD30: =IF($H30="","",VLOOKUP($H30,Data!$C$6:$Y$29,22,FALSE)) -> 44 | AE30: =IF($H30="","",VLOOKUP($H30,Data!$C$6:$Y$29,23,FALSE)) -> 51 | AG30: =IF($E30="","",IF($C30="DUCTED",VLOOKUP($E30,'DX-Data'!$D$5:$J$11,7,TRUE),IF($C30="DECORATIVE",VLOOKUP($E30,'DX-Data'!$D$19:$J$23,7,TRUE),IF($C30="PACKAGED",VLOOKUP($E30,'DX-Data'!$D$24:$J$30,7,TRUE),IF($C30="DUCTED-INV",VLOOKUP($E30,'DX-Data'!$D$12:$J$18,7,TRUE),"CHOOSE AC TYPE"))))) -> FDMRN25AVKU - RR25AVKU | AH30: =IF($F$9=TRUE,IF($C30="DUCTED",VLOOKUP($F30,'DX-Data'!$F$5:$J$11,5,TRUE),IF($C30="DECORATIVE",VLOOKUP($F30,'DX-Data'!$F$19:$J$23,5,TRUE),IF($C30="PACKAGED",VLOOKUP($F30,'DX-Data'!$F$24:$J$30,5,TRUE),IF($C30="DUCTED-INV",VLOOKUP($F30,'DX-Data'!$F$12:$J$18,5,TRUE),"CHOOSE AC TYPE")))),"NO SELECTION") -> FDMRN20AVKU - RR20AVKU | AI30: =IF($G$9=TRUE,IF($C30="DUCTED",VLOOKUP($G30,'DX-Data'!$H$5:$J$11,3,TRUE),IF($C30="DECORATIVE",VLOOKUP($G30,'DX-Data'!$H$19:$J$23,3,TRUE),IF($C30="PACKAGED",VLOOKUP($G30,'DX-Data'!$H$24:$J$30,3,TRUE),IF($C30="DUCTED-INV",VLOOKUP($G30,'DX-Data'!$H$12:$J$18,3,TRUE),"CHOOSE AC TYPE")))),"NO SELECTION") -> NO SELECTION | AJ30: =IF($E30="","",IF($C30="DUCTED",VLOOKUP($E30,'DX-Data'!$D$5:$J$11,6,TRUE),IF($C30="DECORATIVE",VLOOKUP($E30,'DX-Data'!$D$19:$J$23,6,TRUE),IF($C30="PACKAGED",VLOOKUP($E30,'DX-Data'!$D$24:$J$30,6,TRUE),IF($C30="DUCTED-INV",VLOOKUP($E30,'DX-Data'!$D$12:$J$18,6,TRUE),0))))) -> 2 | AK30: =IF($F$9=TRUE,IF($C30="DUCTED",VLOOKUP($F30,'DX-Data'!$F$5:$J$11,4,TRUE),IF($C30="DECORATIVE",VLOOKUP($F30,'DX-Data'!$F$19:$J$23,4,TRUE),IF($C30="PACKAGED",VLOOKUP($F30,'DX-Data'!$F$24:$J$30,4,TRUE),IF($C30="DUCTED-INV",VLOOKUP($F30,'DX-Data'!$F$12:$J$18,4,TRUE),"CHOOSE AC TYPE")))),0) -> 1 | AL30: =IF($G$9=TRUE,IF($C30="DUCTED",VLOOKUP($G30,'DX-Data'!$H$5:$J$11,2,TRUE),IF($C30="DECORATIVE",VLOOKUP($G30,'DX-Data'!$H$19:$J$23,2,TRUE),IF($C30="PACKAGED",VLOOKUP($G30,'DX-Data'!$H$24:$J$30,2,TRUE),IF($C30="DUCTED-INV",VLOOKUP($G30,'DX-Data'!$H$12:$J$18,2,TRUE),"CHOOSE AC TYPE")))),0) -> 0 | AM30: =MAX(AJ30:AL30) -> 2 | AN30: =IF(E30="","",VLOOKUP($AM30,'DX-Data'!$I$5:$J$31,2,FALSE)) -> FDMRN25AVKU - RR25AVKU | AO30: =IF(OR(AN30="",AN30=0),"",1) -> 1
B31: 1F-DS-04 | C31: DUCTED | D31: APT 04 | E31: 4.4 | F31: 3.7 | G31: 309 | H31: =AN31 -> FDMRN25AVKU - RR25AVKU | I31: =AO31 -> 1 | J31: =IF($H31="","",VLOOKUP($H31,Data!$C$6:$Y$29,2,FALSE)) -> 2 | K31: =IF($H31="","",VLOOKUP($H31,Data!$C$6:$Y$29,3,FALSE)) -> Non-Inverter | L31: =IF($H31="","",VLOOKUP($H31,Data!$C$6:$Y$29,4,FALSE)) -> R-410A | M31: =IF($H31="","",VLOOKUP($H31,Data!$C$6:$Y$29,5,FALSE)) -> 24/16 | N31: =IF($H31="","",VLOOKUP($H31,Data!$C$6:$Y$29,6,FALSE)) -> 46 | O31: =IF($H31="","",VLOOKUP($H31,Data!$C$6:$Y$29,7,FALSE)) -> 5.48 | P31: =IF($H31="","",VLOOKUP($H31,Data!$C$6:$Y$29,8,FALSE)) -> 5.05 | Q31: =IF($H31="","",VLOOKUP($H31,Data!$C$6:$Y$29,9,FALSE)) -> 303 | R31: =IF($H31="","",VLOOKUP($H31,Data!$C$6:$Y$29,10,FALSE)) -> MEDIUM | S31: =IF($H31="","",VLOOKUP($H31,Data!$C$6:$Y$29,11,FALSE)) -> 2.29 | T31: =IF($H31="","",VLOOKUP($H31,Data!$C$6:$Y$29,12,FALSE)) -> 2.35 | U31: =IF($H31="","",VLOOKUP($H31,Data!$C$6:$Y$29,13,FALSE)) -> 3.44 | V31: =IF($H31="","",VLOOKUP($H31,Data!$C$6:$Y$29,14,FALSE)) -> 40 | W31: =IF($H31="","",VLOOKUP($H31,Data!$C$6:$Y$29,15,FALSE)) -> 220-240/1/50 | X31: =IF($H31="","",VLOOKUP($H31,Data!$C$6:$Y$29,16,FALSE)) -> 378 | Y31: =IF($H31="","",VLOOKUP($H31,Data!$C$6:$Y$29,17,FALSE)) -> 1115 | Z31: =IF($H31="","",VLOOKUP($H31,Data!$C$6:$Y$29,18,FALSE)) -> 541 | AA31: =IF($H31="","",VLOOKUP($H31,Data!$C$6:$Y$29,19,FALSE)) -> 753 | AB31: =IF($H31="","",VLOOKUP($H31,Data!$C$6:$Y$29,20,FALSE)) -> 855 | AC31: =IF($H31="","",VLOOKUP($H31,Data!$C$6:$Y$29,21,FALSE)) -> 328 | AD31: =IF($H31="","",VLOOKUP($H31,Data!$C$6:$Y$29,22,FALSE)) -> 44 | AE31: =IF($H31="","",VLOOKUP($H31,Data!$C$6:$Y$29,23,FALSE)) -> 51 | AG31: =IF($E31="","",IF($C31="DUCTED",VLOOKUP($E31,'DX-Data'!$D$5:$J$11,7,TRUE),IF($C31="DECORATIVE",VLOOKUP($E31,'DX-Data'!$D$19:$J$23,7,TRUE),IF($C31="PACKAGED",VLOOKUP($E31,'DX-Data'!$D$24:$J$30,7,TRUE),IF($C31="DUCTED-INV",VLOOKUP($E31,'DX-Data'!$D$12:$J$18,7,TRUE),"CHOOSE AC TYPE"))))) -> FDMRN25AVKU - RR25AVKU | AH31: =IF($F$9=TRUE,IF($C31="DUCTED",VLOOKUP($F31,'DX-Data'!$F$5:$J$11,5,TRUE),IF($C31="DECORATIVE",VLOOKUP($F31,'DX-Data'!$F$19:$J$23,5,TRUE),IF($C31="PACKAGED",VLOOKUP($F31,'DX-Data'!$F$24:$J$30,5,TRUE),IF($C31="DUCTED-INV",VLOOKUP($F31,'DX-Data'!$F$12:$J$18,5,TRUE),"CHOOSE AC TYPE")))),"NO SELECTION") -> FDMRN20AVKU - RR20AVKU | AI31: =IF($G$9=TRUE,IF($C31="DUCTED",VLOOKUP($G31,'DX-Data'!$H$5:$J$11,3,TRUE),IF($C31="DECORATIVE",VLOOKUP($G31,'DX-Data'!$H$19:$J$23,3,TRUE),IF($C31="PACKAGED",VLOOKUP($G31,'DX-Data'!$H$24:$J$30,3,TRUE),IF($C31="DUCTED-INV",VLOOKUP($G31,'DX-Data'!$H$12:$J$18,3,TRUE),"CHOOSE AC TYPE")))),"NO SELECTION") -> NO SELECTION | AJ31: =IF($E31="","",IF($C31="DUCTED",VLOOKUP($E31,'DX-Data'!$D$5:$J$11,6,TRUE),IF($C31="DECORATIVE",VLOOKUP($E31,'DX-Data'!$D$19:$J$23,6,TRUE),IF($C31="PACKAGED",VLOOKUP($E31,'DX-Data'!$D$24:$J$30,6,TRUE),IF($C31="DUCTED-INV",VLOOKUP($E31,'DX-Data'!$D$12:$J$18,6,TRUE),0))))) -> 2 | AK31: =IF($F$9=TRUE,IF($C31="DUCTED",VLOOKUP($F31,'DX-Data'!$F$5:$J$11,4,TRUE),IF($C31="DECORATIVE",VLOOKUP($F31,'DX-Data'!$F$19:$J$23,4,TRUE),IF($C31="PACKAGED",VLOOKUP($F31,'DX-Data'!$F$24:$J$30,4,TRUE),IF($C31="DUCTED-INV",VLOOKUP($F31,'DX-Data'!$F$12:$J$18,4,TRUE),"CHOOSE AC TYPE")))),0) -> 1 | AL31: =IF($G$9=TRUE,IF($C31="DUCTED",VLOOKUP($G31,'DX-Data'!$H$5:$J$11,2,TRUE),IF($C31="DECORATIVE",VLOOKUP($G31,'DX-Data'!$H$19:$J$23,2,TRUE),IF($C31="PACKAGED",VLOOKUP($G31,'DX-Data'!$H$24:$J$30,2,TRUE),IF($C31="DUCTED-INV",VLOOKUP($G31,'DX-Data'!$H$12:$J$18,2,TRUE),"CHOOSE AC TYPE")))),0) -> 0 | AM31: =MAX(AJ31:AL31) -> 2 | AN31: =IF(E31="","",VLOOKUP($AM31,'DX-Data'!$I$5:$J$31,2,FALSE)) -> FDMRN25AVKU - RR25AVKU | AO31: =IF(OR(AN31="",AN31=0),"",1) -> 1
B32: 1F-DS-05 | C32: DUCTED | D32: APT 05 | E32: 10.3 | F32: 8.8 | G32: 727 | H32: =AN32 -> FDMRN50AVKU - RR50AYKU | I32: =AO32 -> 1 | J32: =IF($H32="","",VLOOKUP($H32,Data!$C$6:$Y$29,2,FALSE)) -> 4 | K32: =IF($H32="","",VLOOKUP($H32,Data!$C$6:$Y$29,3,FALSE)) -> Non-Inverter | L32: =IF($H32="","",VLOOKUP($H32,Data!$C$6:$Y$29,4,FALSE)) -> R-410A | M32: =IF($H32="","",VLOOKUP($H32,Data!$C$6:$Y$29,5,FALSE)) -> 24/16 | N32: =IF($H32="","",VLOOKUP($H32,Data!$C$6:$Y$29,6,FALSE)) -> 46 | O32: =IF($H32="","",VLOOKUP($H32,Data!$C$6:$Y$29,7,FALSE)) -> 11.46 | P32: =IF($H32="","",VLOOKUP($H32,Data!$C$6:$Y$29,8,FALSE)) -> 9.96 | Q32: =IF($H32="","",VLOOKUP($H32,Data!$C$6:$Y$29,9,FALSE)) -> 686 | R32: =IF($H32="","",VLOOKUP($H32,Data!$C$6:$Y$29,10,FALSE)) -> MEDIUM | S32: =IF($H32="","",VLOOKUP($H32,Data!$C$6:$Y$29,11,FALSE)) -> 4.7 | T32: =IF($H32="","",VLOOKUP($H32,Data!$C$6:$Y$29,12,FALSE)) -> 4.95 | U32: =IF($H32="","",VLOOKUP($H32,Data!$C$6:$Y$29,13,FALSE)) -> 3.41 | V32: =IF($H32="","",VLOOKUP($H32,Data!$C$6:$Y$29,14,FALSE)) -> 50 | W32: =IF($H32="","",VLOOKUP($H32,Data!$C$6:$Y$29,15,FALSE)) -> 380-415/3/50 | X32: =IF($H32="","",VLOOKUP($H32,Data!$C$6:$Y$29,16,FALSE)) -> 378 | Y32: =IF($H32="","",VLOOKUP($H32,Data!$C$6:$Y$29,17,FALSE)) -> 1569 | Z32: =IF($H32="","",VLOOKUP($H32,Data!$C$6:$Y$29,18,FALSE)) -> 541 | AA32: =IF($H32="","",VLOOKUP($H32,Data!$C$6:$Y$29,19,FALSE)) -> 852 | AB32: =IF($H32="","",VLOOKUP($H32,Data!$C$6:$Y$29,20,FALSE)) -> 1030 | AC32: =IF($H32="","",VLOOKUP($H32,Data!$C$6:$Y$29,21,FALSE)) -> 400 | AD32: =IF($H32="","",VLOOKUP($H32,Data!$C$6:$Y$29,22,FALSE)) -> 56 | AE32: =IF($H32="","",VLOOKUP($H32,Data!$C$6:$Y$29,23,FALSE)) -> 87 | AG32: =IF($E32="","",IF($C32="DUCTED",VLOOKUP($E32,'DX-Data'!$D$5:$J$11,7,TRUE),IF($C32="DECORATIVE",VLOOKUP($E32,'DX-Data'!$D$19:$J$23,7,TRUE),IF($C32="PACKAGED",VLOOKUP($E32,'DX-Data'!$D$24:$J$30,7,TRUE),IF($C32="DUCTED-INV",VLOOKUP($E32,'DX-Data'!$D$12:$J$18,7,TRUE),"CHOOSE AC TYPE"))))) -> FDMRN50AVKU - RR50AYKU | AH32: =IF($F$9=TRUE,IF($C32="DUCTED",VLOOKUP($F32,'DX-Data'!$F$5:$J$11,5,TRUE),IF($C32="DECORATIVE",VLOOKUP($F32,'DX-Data'!$F$19:$J$23,5,TRUE),IF($C32="PACKAGED",VLOOKUP($F32,'DX-Data'!$F$24:$J$30,5,TRUE),IF($C32="DUCTED-INV",VLOOKUP($F32,'DX-Data'!$F$12:$J$18,5,TRUE),"CHOOSE AC TYPE")))),"NO SELECTION") -> FDMRN50AVKU - RR50AYKU | AI32: =IF($G$9=TRUE,IF($C32="DUCTED",VLOOKUP($G32,'DX-Data'!$H$5:$J$11,3,TRUE),IF($C32="DECORATIVE",VLOOKUP($G32,'DX-Data'!$H$19:$J$23,3,TRUE),IF($C32="PACKAGED",VLOOKUP($G32,'DX-Data'!$H$24:$J$30,3,TRUE),IF($C32="DUCTED-INV",VLOOKUP($G32,'DX-Data'!$H$12:$J$18,3,TRUE),"CHOOSE AC TYPE")))),"NO SELECTION") -> NO SELECTION | AJ32: =IF($E32="","",IF($C32="DUCTED",VLOOKUP($E32,'DX-Data'!$D$5:$J$11,6,TRUE),IF($C32="DECORATIVE",VLOOKUP($E32,'DX-Data'!$D$19:$J$23,6,TRUE),IF($C32="PACKAGED",VLOOKUP($E32,'DX-Data'!$D$24:$J$30,6,TRUE),IF($C32="DUCTED-INV",VLOOKUP($E32,'DX-Data'!$D$12:$J$18,6,TRUE),0))))) -> 5 | AK32: =IF($F$9=TRUE,IF($C32="DUCTED",VLOOKUP($F32,'DX-Data'!$F$5:$J$11,4,TRUE),IF($C32="DECORATIVE",VLOOKUP($F32,'DX-Data'!$F$19:$J$23,4,TRUE),IF($C32="PACKAGED",VLOOKUP($F32,'DX-Data'!$F$24:$J$30,4,TRUE),IF($C32="DUCTED-INV",VLOOKUP($F32,'DX-Data'!$F$12:$J$18,4,TRUE),"CHOOSE AC TYPE")))),0) -> 5 | AL32: =IF($G$9=TRUE,IF($C32="DUCTED",VLOOKUP($G32,'DX-Data'!$H$5:$J$11,2,TRUE),IF($C32="DECORATIVE",VLOOKUP($G32,'DX-Data'!$H$19:$J$23,2,TRUE),IF($C32="PACKAGED",VLOOKUP($G32,'DX-Data'!$H$24:$J$30,2,TRUE),IF($C32="DUCTED-INV",VLOOKUP($G32,'DX-Data'!$H$12:$J$18,2,TRUE),"CHOOSE AC TYPE")))),0) -> 0 | AM32: =MAX(AJ32:AL32) -> 5 | AN32: =IF(E32="","",VLOOKUP($AM32,'DX-Data'!$I$5:$J$31,2,FALSE)) -> FDMRN50AVKU - RR50AYKU | AO32: =IF(OR(AN32="",AN32=0),"",1) -> 1
B33: 1F-DS-06 | C33: DUCTED | D33: APT 06 | E33: 9.6 | F33: 8.1 | G33: 672 | H33: =AN33 -> FDMRN50AVKU - RR50AYKU | I33: =AO33 -> 1 | J33: =IF($H33="","",VLOOKUP($H33,Data!$C$6:$Y$29,2,FALSE)) -> 4 | K33: =IF($H33="","",VLOOKUP($H33,Data!$C$6:$Y$29,3,FALSE)) -> Non-Inverter | L33: =IF($H33="","",VLOOKUP($H33,Data!$C$6:$Y$29,4,FALSE)) -> R-410A | M33: =IF($H33="","",VLOOKUP($H33,Data!$C$6:$Y$29,5,FALSE)) -> 24/16 | N33: =IF($H33="","",VLOOKUP($H33,Data!$C$6:$Y$29,6,FALSE)) -> 46 | O33: =IF($H33="","",VLOOKUP($H33,Data!$C$6:$Y$29,7,FALSE)) -> 11.46 | P33: =IF($H33="","",VLOOKUP($H33,Data!$C$6:$Y$29,8,FALSE)) -> 9.96 | Q33: =IF($H33="","",VLOOKUP($H33,Data!$C$6:$Y$29,9,FALSE)) -> 686 | R33: =IF($H33="","",VLOOKUP($H33,Data!$C$6:$Y$29,10,FALSE)) -> MEDIUM | S33: =IF($H33="","",VLOOKUP($H33,Data!$C$6:$Y$29,11,FALSE)) -> 4.7 | T33: =IF($H33="","",VLOOKUP($H33,Data!$C$6:$Y$29,12,FALSE)) -> 4.95 | U33: =IF($H33="","",VLOOKUP($H33,Data!$C$6:$Y$29,13,FALSE)) -> 3.41 | V33: =IF($H33="","",VLOOKUP($H33,Data!$C$6:$Y$29,14,FALSE)) -> 50 | W33: =IF($H33="","",VLOOKUP($H33,Data!$C$6:$Y$29,15,FALSE)) -> 380-415/3/50 | X33: =IF($H33="","",VLOOKUP($H33,Data!$C$6:$Y$29,16,FALSE)) -> 378 | Y33: =IF($H33="","",VLOOKUP($H33,Data!$C$6:$Y$29,17,FALSE)) -> 1569 | Z33: =IF($H33="","",VLOOKUP($H33,Data!$C$6:$Y$29,18,FALSE)) -> 541 | AA33: =IF($H33="","",VLOOKUP($H33,Data!$C$6:$Y$29,19,FALSE)) -> 852 | AB33: =IF($H33="","",VLOOKUP($H33,Data!$C$6:$Y$29,20,FALSE)) -> 1030 | AC33: =IF($H33="","",VLOOKUP($H33,Data!$C$6:$Y$29,21,FALSE)) -> 400 | AD33: =IF($H33="","",VLOOKUP($H33,Data!$C$6:$Y$29,22,FALSE)) -> 56 | AE33: =IF($H33="","",VLOOKUP($H33,Data!$C$6:$Y$29,23,FALSE)) -> 87 | AG33: =IF($E33="","",IF($C33="DUCTED",VLOOKUP($E33,'DX-Data'!$D$5:$J$11,7,TRUE),IF($C33="DECORATIVE",VLOOKUP($E33,'DX-Data'!$D$19:$J$23,7,TRUE),IF($C33="PACKAGED",VLOOKUP($E33,'DX-Data'!$D$24:$J$30,7,TRUE),IF($C33="DUCTED-INV",VLOOKUP($E33,'DX-Data'!$D$12:$J$18,7,TRUE),"CHOOSE AC TYPE"))))) -> FDMRN50AVKU - RR50AYKU | AH33: =IF($F$9=TRUE,IF($C33="DUCTED",VLOOKUP($F33,'DX-Data'!$F$5:$J$11,5,TRUE),IF($C33="DECORATIVE",VLOOKUP($F33,'DX-Data'!$F$19:$J$23,5,TRUE),IF($C33="PACKAGED",VLOOKUP($F33,'DX-Data'!$F$24:$J$30,5,TRUE),IF($C33="DUCTED-INV",VLOOKUP($F33,'DX-Data'!$F$12:$J$18,5,TRUE),"CHOOSE AC TYPE")))),"NO SELECTION") -> FDMRN36AVKU - RR36AVKU | AI33: =IF($G$9=TRUE,IF($C33="DUCTED",VLOOKUP($G33,'DX-Data'!$H$5:$J$11,3,TRUE),IF($C33="DECORATIVE",VLOOKUP($G33,'DX-Data'!$H$19:$J$23,3,TRUE),IF($C33="PACKAGED",VLOOKUP($G33,'DX-Data'!$H$24:$J$30,3,TRUE),IF($C33="DUCTED-INV",VLOOKUP($G33,'DX-Data'!$H$12:$J$18,3,TRUE),"CHOOSE AC TYPE")))),"NO SELECTION") -> NO SELECTION | AJ33: =IF($E33="","",IF($C33="DUCTED",VLOOKUP($E33,'DX-Data'!$D$5:$J$11,6,TRUE),IF($C33="DECORATIVE",VLOOKUP($E33,'DX-Data'!$D$19:$J$23,6,TRUE),IF($C33="PACKAGED",VLOOKUP($E33,'DX-Data'!$D$24:$J$30,6,TRUE),IF($C33="DUCTED-INV",VLOOKUP($E33,'DX-Data'!$D$12:$J$18,6,TRUE),0))))) -> 5 | AK33: =IF($F$9=TRUE,IF($C33="DUCTED",VLOOKUP($F33,'DX-Data'!$F$5:$J$11,4,TRUE),IF($C33="DECORATIVE",VLOOKUP($F33,'DX-Data'!$F$19:$J$23,4,TRUE),IF($C33="PACKAGED",VLOOKUP($F33,'DX-Data'!$F$24:$J$30,4,TRUE),IF($C33="DUCTED-INV",VLOOKUP($F33,'DX-Data'!$F$12:$J$18,4,TRUE),"CHOOSE AC TYPE")))),0) -> 4 | AL33: =IF($G$9=TRUE,IF($C33="DUCTED",VLOOKUP($G33,'DX-Data'!$H$5:$J$11,2,TRUE),IF($C33="DECORATIVE",VLOOKUP($G33,'DX-Data'!$H$19:$J$23,2,TRUE),IF($C33="PACKAGED",VLOOKUP($G33,'DX-Data'!$H$24:$J$30,2,TRUE),IF($C33="DUCTED-INV",VLOOKUP($G33,'DX-Data'!$H$12:$J$18,2,TRUE),"CHOOSE AC TYPE")))),0) -> 0 | AM33: =MAX(AJ33:AL33) -> 5 | AN33: =IF(E33="","",VLOOKUP($AM33,'DX-Data'!$I$5:$J$31,2,FALSE)) -> FDMRN50AVKU - RR50AYKU | AO33: =IF(OR(AN33="",AN33=0),"",1) -> 1
B34: 1F-DS-07 | C34: DUCTED | D34: APT 07 | E34: 4.5 | F34: 3.8 | G34: 313 | H34: =AN34 -> FDMRN25AVKU - RR25AVKU | I34: =AO34 -> 1 | J34: =IF($H34="","",VLOOKUP($H34,Data!$C$6:$Y$29,2,FALSE)) -> 2 | K34: =IF($H34="","",VLOOKUP($H34,Data!$C$6:$Y$29,3,FALSE)) -> Non-Inverter | L34: =IF($H34="","",VLOOKUP($H34,Data!$C$6:$Y$29,4,FALSE)) -> R-410A | M34: =IF($H34="","",VLOOKUP($H34,Data!$C$6:$Y$29,5,FALSE)) -> 24/16 | N34: =IF($H34="","",VLOOKUP($H34,Data!$C$6:$Y$29,6,FALSE)) -> 46 | O34: =IF($H34="","",VLOOKUP($H34,Data!$C$6:$Y$29,7,FALSE)) -> 5.48 | P34: =IF($H34="","",VLOOKUP($H34,Data!$C$6:$Y$29,8,FALSE)) -> 5.05 | Q34: =IF($H34="","",VLOOKUP($H34,Data!$C$6:$Y$29,9,FALSE)) -> 303 | R34: =IF($H34="","",VLOOKUP($H34,Data!$C$6:$Y$29,10,FALSE)) -> MEDIUM | S34: =IF($H34="","",VLOOKUP($H34,Data!$C$6:$Y$29,11,FALSE)) -> 2.29 | T34: =IF($H34="","",VLOOKUP($H34,Data!$C$6:$Y$29,12,FALSE)) -> 2.35 | U34: =IF($H34="","",VLOOKUP($H34,Data!$C$6:$Y$29,13,FALSE)) -> 3.44 | V34: =IF($H34="","",VLOOKUP($H34,Data!$C$6:$Y$29,14,FALSE)) -> 40 | W34: =IF($H34="","",VLOOKUP($H34,Data!$C$6:$Y$29,15,FALSE)) -> 220-240/1/50 | X34: =IF($H34="","",VLOOKUP($H34,Data!$C$6:$Y$29,16,FALSE)) -> 378 | Y34: =IF($H34="","",VLOOKUP($H34,Data!$C$6:$Y$29,17,FALSE)) -> 1115 | Z34: =IF($H34="","",VLOOKUP($H34,Data!$C$6:$Y$29,18,FALSE)) -> 541 | AA34: =IF($H34="","",VLOOKUP($H34,Data!$C$6:$Y$29,19,FALSE)) -> 753 | AB34: =IF($H34="","",VLOOKUP($H34,Data!$C$6:$Y$29,20,FALSE)) -> 855 | AC34: =IF($H34="","",VLOOKUP($H34,Data!$C$6:$Y$29,21,FALSE)) -> 328 | AD34: =IF($H34="","",VLOOKUP($H34,Data!$C$6:$Y$29,22,FALSE)) -> 44 | AE34: =IF($H34="","",VLOOKUP($H34,Data!$C$6:$Y$29,23,FALSE)) -> 51 | AG34: =IF($E34="","",IF($C34="DUCTED",VLOOKUP($E34,'DX-Data'!$D$5:$J$11,7,TRUE),IF($C34="DECORATIVE",VLOOKUP($E34,'DX-Data'!$D$19:$J$23,7,TRUE),IF($C34="PACKAGED",VLOOKUP($E34,'DX-Data'!$D$24:$J$30,7,TRUE),IF($C34="DUCTED-INV",VLOOKUP($E34,'DX-Data'!$D$12:$J$18,7,TRUE),"CHOOSE AC TYPE"))))) -> FDMRN25AVKU - RR25AVKU | AH34: =IF($F$9=TRUE,IF($C34="DUCTED",VLOOKUP($F34,'DX-Data'!$F$5:$J$11,5,TRUE),IF($C34="DECORATIVE",VLOOKUP($F34,'DX-Data'!$F$19:$J$23,5,TRUE),IF($C34="PACKAGED",VLOOKUP($F34,'DX-Data'!$F$24:$J$30,5,TRUE),IF($C34="DUCTED-INV",VLOOKUP($F34,'DX-Data'!$F$12:$J$18,5,TRUE),"CHOOSE AC TYPE")))),"NO SELECTION") -> FDMRN20AVKU - RR20AVKU | AI34: =IF($G$9=TRUE,IF($C34="DUCTED",VLOOKUP($G34,'DX-Data'!$H$5:$J$11,3,TRUE),IF($C34="DECORATIVE",VLOOKUP($G34,'DX-Data'!$H$19:$J$23,3,TRUE),IF($C34="PACKAGED",VLOOKUP($G34,'DX-Data'!$H$24:$J$30,3,TRUE),IF($C34="DUCTED-INV",VLOOKUP($G34,'DX-Data'!$H$12:$J$18,3,TRUE),"CHOOSE AC TYPE")))),"NO SELECTION") -> NO SELECTION | AJ34: =IF($E34="","",IF($C34="DUCTED",VLOOKUP($E34,'DX-Data'!$D$5:$J$11,6,TRUE),IF($C34="DECORATIVE",VLOOKUP($E34,'DX-Data'!$D$19:$J$23,6,TRUE),IF($C34="PACKAGED",VLOOKUP($E34,'DX-Data'!$D$24:$J$30,6,TRUE),IF($C34="DUCTED-INV",VLOOKUP($E34,'DX-Data'!$D$12:$J$18,6,TRUE),0))))) -> 2 | AK34: =IF($F$9=TRUE,IF($C34="DUCTED",VLOOKUP($F34,'DX-Data'!$F$5:$J$11,4,TRUE),IF($C34="DECORATIVE",VLOOKUP($F34,'DX-Data'!$F$19:$J$23,4,TRUE),IF($C34="PACKAGED",VLOOKUP($F34,'DX-Data'!$F$24:$J$30,4,TRUE),IF($C34="DUCTED-INV",VLOOKUP($F34,'DX-Data'!$F$12:$J$18,4,TRUE),"CHOOSE AC TYPE")))),0) -> 1 | AL34: =IF($G$9=TRUE,IF($C34="DUCTED",VLOOKUP($G34,'DX-Data'!$H$5:$J$11,2,TRUE),IF($C34="DECORATIVE",VLOOKUP($G34,'DX-Data'!$H$19:$J$23,2,TRUE),IF($C34="PACKAGED",VLOOKUP($G34,'DX-Data'!$H$24:$J$30,2,TRUE),IF($C34="DUCTED-INV",VLOOKUP($G34,'DX-Data'!$H$12:$J$18,2,TRUE),"CHOOSE AC TYPE")))),0) -> 0 | AM34: =MAX(AJ34:AL34) -> 2 | AN34: =IF(E34="","",VLOOKUP($AM34,'DX-Data'!$I$5:$J$31,2,FALSE)) -> FDMRN25AVKU - RR25AVKU | AO34: =IF(OR(AN34="",AN34=0),"",1) -> 1
... B44: 1F-DS-16B | C44: DUCTED | D44: APT 16 BEDROOM | E44: 3.9 | F44: 3.6 | G44: 303 | H44: =AN44 -> FDMRN20AVKU - RR20AVKU | I44: =AO44 -> 1 | J44: =IF($H44="","",VLOOKUP($H44,Data!$C$6:$Y$29,2,FALSE)) -> 1.5 | K44: =IF($H44="","",VLOOKUP($H44,Data!$C$6:$Y$29,3,FALSE)) -> Non-Inverter | L44: =IF($H44="","",VLOOKUP($H44,Data!$C$6:$Y$29,4,FALSE)) -> R-410A | M44: =IF($H44="","",VLOOKUP($H44,Data!$C$6:$Y$29,5,FALSE)) -> 24/16 | N44: =IF($H44="","",VLOOKUP($H44,Data!$C$6:$Y$29,6,FALSE)) -> 46 | O44: =IF($H44="","",VLOOKUP($H44,Data!$C$6:$Y$29,7,FALSE)) -> 4.24 | P44: =IF($H44="","",VLOOKUP($H44,Data!$C$6:$Y$29,8,FALSE)) -> 4.11 | Q44: =IF($H44="","",VLOOKUP($H44,Data!$C$6:$Y$29,9,FALSE)) -> 255 | R44: =IF($H44="","",VLOOKUP($H44,Data!$C$6:$Y$29,10,FALSE)) -> MEDIUM | S44: =IF($H44="","",VLOOKUP($H44,Data!$C$6:$Y$29,11,FALSE)) -> 1.77 | T44: =IF($H44="","",VLOOKUP($H44,Data!$C$6:$Y$29,12,FALSE)) -> 1.8 | U44: =IF($H44="","",VLOOKUP($H44,Data!$C$6:$Y$29,13,FALSE)) -> 3.49 | V44: =IF($H44="","",VLOOKUP($H44,Data!$C$6:$Y$29,14,FALSE)) -> 40 | W44: =IF($H44="","",VLOOKUP($H44,Data!$C$6:$Y$29,15,FALSE)) -> 220-240/1/50 | X44: =IF($H44="","",VLOOKUP($H44,Data!$C$6:$Y$29,16,FALSE)) -> 261 | Y44: =IF($H44="","",VLOOKUP($H44,Data!$C$6:$Y$29,17,FALSE)) -> 1200 | Z44: =IF($H44="","",VLOOKUP($H44,Data!$C$6:$Y$29,18,FALSE)) -> 448 | AA44: =IF($H44="","",VLOOKUP($H44,Data!$C$6:$Y$29,19,FALSE)) -> 753 | AB44: =IF($H44="","",VLOOKUP($H44,Data!$C$6:$Y$29,20,FALSE)) -> 855 | AC44: =IF($H44="","",VLOOKUP($H44,Data!$C$6:$Y$29,21,FALSE)) -> 328 | AD44: =IF($H44="","",VLOOKUP($H44,Data!$C$6:$Y$29,22,FALSE)) -> 26 | AE44: =IF($H44="","",VLOOKUP($H44,Data!$C$6:$Y$29,23,FALSE)) -> 47 | AG44: =IF($E44="","",IF($C44="DUCTED",VLOOKUP($E44,'DX-Data'!$D$5:$J$11,7,TRUE),IF($C44="DECORATIVE",VLOOKUP($E44,'DX-Data'!$D$19:$J$23,7,TRUE),IF($C44="PACKAGED",VLOOKUP($E44,'DX-Data'!$D$24:$J$30,7,TRUE),IF($C44="DUCTED-INV",VLOOKUP($E44,'DX-Data'!$D$12:$J$18,7,TRUE),"CHOOSE AC TYPE"))))) -> FDMRN20AVKU - RR20AVKU | AH44: =IF($F$9=TRUE,IF($C44="DUCTED",VLOOKUP($F44,'DX-Data'!$F$5:$J$11,5,TRUE),IF($C44="DECORATIVE",VLOOKUP($F44,'DX-Data'!$F$19:$J$23,5,TRUE),IF($C44="PACKAGED",VLOOKUP($F44,'DX-Data'!$F$24:$J$30,5,TRUE),IF($C44="DUCTED-INV",VLOOKUP($F44,'DX-Data'!$F$12:$J$18,5,TRUE),"CHOOSE AC TYPE")))),"NO SELECTION") -> FDMRN20AVKU - RR20AVKU | AI44: =IF($G$9=TRUE,IF($C44="DUCTED",VLOOKUP($G44,'DX-Data'!$H$5:$J$11,3,TRUE),IF($C44="DECORATIVE",VLOOKUP($G44,'DX-Data'!$H$19:$J$23,3,TRUE),IF($C44="PACKAGED",VLOOKUP($G44,'DX-Data'!$H$24:$J$30,3,TRUE),IF($C44="DUCTED-INV",VLOOKUP($G44,'DX-Data'!$H$12:$J$18,3,TRUE),"CHOOSE AC TYPE")))),"NO SELECTION") -> NO SELECTION | AJ44: =IF($E44="","",IF($C44="DUCTED",VLOOKUP($E44,'DX-Data'!$D$5:$J$11,6,TRUE),IF($C44="DECORATIVE",VLOOKUP($E44,'DX-Data'!$D$19:$J$23,6,TRUE),IF($C44="PACKAGED",VLOOKUP($E44,'DX-Data'!$D$24:$J$30,6,TRUE),IF($C44="DUCTED-INV",VLOOKUP($E44,'DX-Data'!$D$12:$J$18,6,TRUE),0))))) -> 1 | AK44: =IF($F$9=TRUE,IF($C44="DUCTED",VLOOKUP($F44,'DX-Data'!$F$5:$J$11,4,TRUE),IF($C44="DECORATIVE",VLOOKUP($F44,'DX-Data'!$F$19:$J$23,4,TRUE),IF($C44="PACKAGED",VLOOKUP($F44,'DX-Data'!$F$24:$J$30,4,TRUE),IF($C44="DUCTED-INV",VLOOKUP($F44,'DX-Data'!$F$12:$J$18,4,TRUE),"CHOOSE AC TYPE")))),0) -> 1 | AL44: =IF($G$9=TRUE,IF($C44="DUCTED",VLOOKUP($G44,'DX-Data'!$H$5:$J$11,2,TRUE),IF($C44="DECORATIVE",VLOOKUP($G44,'DX-Data'!$H$19:$J$23,2,TRUE),IF($C44="PACKAGED",VLOOKUP($G44,'DX-Data'!$H$24:$J$30,2,TRUE),IF($C44="DUCTED-INV",VLOOKUP($G44,'DX-Data'!$H$12:$J$18,2,TRUE),"CHOOSE AC TYPE")))),0) -> 0 | AM44: =MAX(AJ44:AL44) -> 1 | AN44: =IF(E44="","",VLOOKUP($AM44,'DX-Data'!$I$5:$J$31,2,FALSE)) -> FDMRN20AVKU - RR20AVKU | AO44: =IF(OR(AN44="",AN44=0),"",1) -> 1
B45: 1F-DS-17 | C45: DUCTED | D45: GYMNASIUM | E45: 15.6 | F45: 12.4 | G45: 1023 | H45: FDMRN36AVKU - RR36AVKU | I45: 2 | J45: =IF($H45="","",VLOOKUP($H45,Data!$C$6:$Y$29,2,FALSE)) -> 3 | K45: =IF($H45="","",VLOOKUP($H45,Data!$C$6:$Y$29,3,FALSE)) -> Non-Inverter | L45: =IF($H45="","",VLOOKUP($H45,Data!$C$6:$Y$29,4,FALSE)) -> R-410A | M45: =IF($H45="","",VLOOKUP($H45,Data!$C$6:$Y$29,5,FALSE)) -> 24/16 | N45: =IF($H45="","",VLOOKUP($H45,Data!$C$6:$Y$29,6,FALSE)) -> 46 | O45: =IF($H45="","",VLOOKUP($H45,Data!$C$6:$Y$29,7,FALSE)) -> 8.42 | P45: =IF($H45="","",VLOOKUP($H45,Data!$C$6:$Y$29,8,FALSE)) -> 8.18 | Q45: =IF($H45="","",VLOOKUP($H45,Data!$C$6:$Y$29,9,FALSE)) -> 650 | R45: =IF($H45="","",VLOOKUP($H45,Data!$C$6:$Y$29,10,FALSE)) -> MEDIUM | S45: =IF($H45="","",VLOOKUP($H45,Data!$C$6:$Y$29,11,FALSE)) -> 3.39 | T45: =IF($H45="","",VLOOKUP($H45,Data!$C$6:$Y$29,12,FALSE)) -> 3.55 | U45: =IF($H45="","",VLOOKUP($H45,Data!$C$6:$Y$29,13,FALSE)) -> 3.56 | V45: =IF($H45="","",VLOOKUP($H45,Data!$C$6:$Y$29,14,FALSE)) -> 50 | W45: =IF($H45="","",VLOOKUP($H45,Data!$C$6:$Y$29,15,FALSE)) -> 220-240/1/50 | X45: =IF($H45="","",VLOOKUP($H45,Data!$C$6:$Y$29,16,FALSE)) -> 378 | Y45: =IF($H45="","",VLOOKUP($H45,Data!$C$6:$Y$29,17,FALSE)) -> 1369 | Z45: =IF($H45="","",VLOOKUP($H45,Data!$C$6:$Y$29,18,FALSE)) -> 541 | AA45: =IF($H45="","",VLOOKUP($H45,Data!$C$6:$Y$29,19,FALSE)) -> 852 | AB45: =IF($H45="","",VLOOKUP($H45,Data!$C$6:$Y$29,20,FALSE)) -> 1030 | AC45: =IF($H45="","",VLOOKUP($H45,Data!$C$6:$Y$29,21,FALSE)) -> 400 | AD45: =IF($H45="","",VLOOKUP($H45,Data!$C$6:$Y$29,22,FALSE)) -> 50 | AE45: =IF($H45="","",VLOOKUP($H45,Data!$C$6:$Y$29,23,FALSE)) -> 92 | AG45: =IF($E45="","",IF($C45="DUCTED",VLOOKUP($E45,'DX-Data'!$D$5:$J$11,7,TRUE),IF($C45="DECORATIVE",VLOOKUP($E45,'DX-Data'!$D$19:$J$23,7,TRUE),IF($C45="PACKAGED",VLOOKUP($E45,'DX-Data'!$D$24:$J$30,7,TRUE),IF($C45="DUCTED-INV",VLOOKUP($E45,'DX-Data'!$D$12:$J$18,7,TRUE),"CHOOSE AC TYPE"))))) -> CHOOSE MANUALLY | AH45: =IF($F$9=TRUE,IF($C45="DUCTED",VLOOKUP($F45,'DX-Data'!$F$5:$J$11,5,TRUE),IF($C45="DECORATIVE",VLOOKUP($F45,'DX-Data'!$F$19:$J$23,5,TRUE),IF($C45="PACKAGED",VLOOKUP($F45,'DX-Data'!$F$24:$J$30,5,TRUE),IF($C45="DUCTED-INV",VLOOKUP($F45,'DX-Data'!$F$12:$J$18,5,TRUE),"CHOOSE AC TYPE")))),"NO SELECTION") -> CHOOSE MANUALLY | AI45: =IF($G$9=TRUE,IF($C45="DUCTED",VLOOKUP($G45,'DX-Data'!$H$5:$J$11,3,TRUE),IF($C45="DECORATIVE",VLOOKUP($G45,'DX-Data'!$H$19:$J$23,3,TRUE),IF($C45="PACKAGED",VLOOKUP($G45,'DX-Data'!$H$24:$J$30,3,TRUE),IF($C45="DUCTED-INV",VLOOKUP($G45,'DX-Data'!$H$12:$J$18,3,TRUE),"CHOOSE AC TYPE")))),"NO SELECTION") -> NO SELECTION | AJ45: =IF($E45="","",IF($C45="DUCTED",VLOOKUP($E45,'DX-Data'!$D$5:$J$11,6,TRUE),IF($C45="DECORATIVE",VLOOKUP($E45,'DX-Data'!$D$19:$J$23,6,TRUE),IF($C45="PACKAGED",VLOOKUP($E45,'DX-Data'!$D$24:$J$30,6,TRUE),IF($C45="DUCTED-INV",VLOOKUP($E45,'DX-Data'!$D$12:$J$18,6,TRUE),0))))) -> 7 | AK45: =IF($F$9=TRUE,IF($C45="DUCTED",VLOOKUP($F45,'DX-Data'!$F$5:$J$11,4,TRUE),IF($C45="DECORATIVE",VLOOKUP($F45,'DX-Data'!$F$19:$J$23,4,TRUE),IF($C45="PACKAGED",VLOOKUP($F45,'DX-Data'!$F$24:$J$30,4,TRUE),IF($C45="DUCTED-INV",VLOOKUP($F45,'DX-Data'!$F$12:$J$18,4,TRUE),"CHOOSE AC TYPE")))),0) -> 7 | AL45: =IF($G$9=TRUE,IF($C45="DUCTED",VLOOKUP($G45,'DX-Data'!$H$5:$J$11,2,TRUE),IF($C45="DECORATIVE",VLOOKUP($G45,'DX-Data'!$H$19:$J$23,2,TRUE),IF($C45="PACKAGED",VLOOKUP($G45,'DX-Data'!$H$24:$J$30,2,TRUE),IF($C45="DUCTED-INV",VLOOKUP($G45,'DX-Data'!$H$12:$J$18,2,TRUE),"CHOOSE AC TYPE")))),0) -> 0 | AM45: =MAX(AJ45:AL45) -> 7 | AN45: =IF(E45="","",VLOOKUP($AM45,'DX-Data'!$I$5:$J$31,2,FALSE)) -> CHOOSE MANUALLY | AO45: =IF(OR(AN45="",AN45=0),"",1) -> 1
B46: 1F-DS-18 | C46: DUCTED | D46: CORRIDOR | E46: 15.5 | F46: 12.8 | G46: 1054 | H46: FDMRN36AVKU - RR36AVKU | I46: 2 | J46: =IF($H46="","",VLOOKUP($H46,Data!$C$6:$Y$29,2,FALSE)) -> 3 | K46: =IF($H46="","",VLOOKUP($H46,Data!$C$6:$Y$29,3,FALSE)) -> Non-Inverter | L46: =IF($H46="","",VLOOKUP($H46,Data!$C$6:$Y$29,4,FALSE)) -> R-410A | M46: =IF($H46="","",VLOOKUP($H46,Data!$C$6:$Y$29,5,FALSE)) -> 24/16 | N46: =IF($H46="","",VLOOKUP($H46,Data!$C$6:$Y$29,6,FALSE)) -> 46 | O46: =IF($H46="","",VLOOKUP($H46,Data!$C$6:$Y$29,7,FALSE)) -> 8.42 | P46: =IF($H46="","",VLOOKUP($H46,Data!$C$6:$Y$29,8,FALSE)) -> 8.18 | Q46: =IF($H46="","",VLOOKUP($H46,Data!$C$6:$Y$29,9,FALSE)) -> 650 | R46: =IF($H46="","",VLOOKUP($H46,Data!$C$6:$Y$29,10,FALSE)) -> MEDIUM | S46: =IF($H46="","",VLOOKUP($H46,Data!$C$6:$Y$29,11,FALSE)) -> 3.39 | T46: =IF($H46="","",VLOOKUP($H46,Data!$C$6:$Y$29,12,FALSE)) -> 3.55 | U46: =IF($H46="","",VLOOKUP($H46,Data!$C$6:$Y$29,13,FALSE)) -> 3.56 | V46: =IF($H46="","",VLOOKUP($H46,Data!$C$6:$Y$29,14,FALSE)) -> 50 | W46: =IF($H46="","",VLOOKUP($H46,Data!$C$6:$Y$29,15,FALSE)) -> 220-240/1/50 | X46: =IF($H46="","",VLOOKUP($H46,Data!$C$6:$Y$29,16,FALSE)) -> 378 | Y46: =IF($H46="","",VLOOKUP($H46,Data!$C$6:$Y$29,17,FALSE)) -> 1369 | Z46: =IF($H46="","",VLOOKUP($H46,Data!$C$6:$Y$29,18,FALSE)) -> 541 | AA46: =IF($H46="","",VLOOKUP($H46,Data!$C$6:$Y$29,19,FALSE)) -> 852 | AB46: =IF($H46="","",VLOOKUP($H46,Data!$C$6:$Y$29,20,FALSE)) -> 1030 | AC46: =IF($H46="","",VLOOKUP($H46,Data!$C$6:$Y$29,21,FALSE)) -> 400 | AD46: =IF($H46="","",VLOOKUP($H46,Data!$C$6:$Y$29,22,FALSE)) -> 50 | AE46: =IF($H46="","",VLOOKUP($H46,Data!$C$6:$Y$29,23,FALSE)) -> 92 | AG46: =IF($E46="","",IF($C46="DUCTED",VLOOKUP($E46,'DX-Data'!$D$5:$J$11,7,TRUE),IF($C46="DECORATIVE",VLOOKUP($E46,'DX-Data'!$D$19:$J$23,7,TRUE),IF($C46="PACKAGED",VLOOKUP($E46,'DX-Data'!$D$24:$J$30,7,TRUE),IF($C46="DUCTED-INV",VLOOKUP($E46,'DX-Data'!$D$12:$J$18,7,TRUE),"CHOOSE AC TYPE"))))) -> CHOOSE MANUALLY | AH46: =IF($F$9=TRUE,IF($C46="DUCTED",VLOOKUP($F46,'DX-Data'!$F$5:$J$11,5,TRUE),IF($C46="DECORATIVE",VLOOKUP($F46,'DX-Data'!$F$19:$J$23,5,TRUE),IF($C46="PACKAGED",VLOOKUP($F46,'DX-Data'!$F$24:$J$30,5,TRUE),IF($C46="DUCTED-INV",VLOOKUP($F46,'DX-Data'!$F$12:$J$18,5,TRUE),"CHOOSE AC TYPE")))),"NO SELECTION") -> CHOOSE MANUALLY | AI46: =IF($G$9=TRUE,IF($C46="DUCTED",VLOOKUP($G46,'DX-Data'!$H$5:$J$11,3,TRUE),IF($C46="DECORATIVE",VLOOKUP($G46,'DX-Data'!$H$19:$J$23,3,TRUE),IF($C46="PACKAGED",VLOOKUP($G46,'DX-Data'!$H$24:$J$30,3,TRUE),IF($C46="DUCTED-INV",VLOOKUP($G46,'DX-Data'!$H$12:$J$18,3,TRUE),"CHOOSE AC TYPE")))),"NO SELECTION") -> NO SELECTION | AJ46: =IF($E46="","",IF($C46="DUCTED",VLOOKUP($E46,'DX-Data'!$D$5:$J$11,6,TRUE),IF($C46="DECORATIVE",VLOOKUP($E46,'DX-Data'!$D$19:$J$23,6,TRUE),IF($C46="PACKAGED",VLOOKUP($E46,'DX-Data'!$D$24:$J$30,6,TRUE),IF($C46="DUCTED-INV",VLOOKUP($E46,'DX-Data'!$D$12:$J$18,6,TRUE),0))))) -> 7 | AK46: =IF($F$9=TRUE,IF($C46="DUCTED",VLOOKUP($F46,'DX-Data'!$F$5:$J$11,4,TRUE),IF($C46="DECORATIVE",VLOOKUP($F46,'DX-Data'!$F$19:$J$23,4,TRUE),IF($C46="PACKAGED",VLOOKUP($F46,'DX-Data'!$F$24:$J$30,4,TRUE),IF($C46="DUCTED-INV",VLOOKUP($F46,'DX-Data'!$F$12:$J$18,4,TRUE),"CHOOSE AC TYPE")))),0) -> 7 | AL46: =IF($G$9=TRUE,IF($C46="DUCTED",VLOOKUP($G46,'DX-Data'!$H$5:$J$11,2,TRUE),IF($C46="DECORATIVE",VLOOKUP($G46,'DX-Data'!$H$19:$J$23,2,TRUE),IF($C46="PACKAGED",VLOOKUP($G46,'DX-Data'!$H$24:$J$30,2,TRUE),IF($C46="DUCTED-INV",VLOOKUP($G46,'DX-Data'!$H$12:$J$18,2,TRUE),"CHOOSE AC TYPE")))),0) -> 0 | AM46: =MAX(AJ46:AL46) -> 7 | AN46: =IF(E46="","",VLOOKUP($AM46,'DX-Data'!$I$5:$J$31,2,FALSE)) -> CHOOSE MANUALLY | AO46: =IF(OR(AN46="",AN46=0),"",1) -> 1
B48: 2F-DS-01 | C48: DUCTED | D48: APT 01 | E48: 8.1 | F48: 6.8 | G48: 566 | H48: =AN48 -> FDMRN36AVKU - RR36AVKU | I48: =AO48 -> 1 | J48: =IF($H48="","",VLOOKUP($H48,Data!$C$6:$Y$29,2,FALSE)) -> 3 | K48: =IF($H48="","",VLOOKUP($H48,Data!$C$6:$Y$29,3,FALSE)) -> Non-Inverter | L48: =IF($H48="","",VLOOKUP($H48,Data!$C$6:$Y$29,4,FALSE)) -> R-410A | M48: =IF($H48="","",VLOOKUP($H48,Data!$C$6:$Y$29,5,FALSE)) -> 24/16 | N48: =IF($H48="","",VLOOKUP($H48,Data!$C$6:$Y$29,6,FALSE)) -> 46 | O48: =IF($H48="","",VLOOKUP($H48,Data!$C$6:$Y$29,7,FALSE)) -> 8.42 | P48: =IF($H48="","",VLOOKUP($H48,Data!$C$6:$Y$29,8,FALSE)) -> 8.18 | Q48: =IF($H48="","",VLOOKUP($H48,Data!$C$6:$Y$29,9,FALSE)) -> 650 | R48: =IF($H48="","",VLOOKUP($H48,Data!$C$6:$Y$29,10,FALSE)) -> MEDIUM | S48: =IF($H48="","",VLOOKUP($H48,Data!$C$6:$Y$29,11,FALSE)) -> 3.39 | T48: =IF($H48="","",VLOOKUP($H48,Data!$C$6:$Y$29,12,FALSE)) -> 3.55 | U48: =IF($H48="","",VLOOKUP($H48,Data!$C$6:$Y$29,13,FALSE)) -> 3.56 | V48: =IF($H48="","",VLOOKUP($H48,Data!$C$6:$Y$29,14,FALSE)) -> 50 | W48: =IF($H48="","",VLOOKUP($H48,Data!$C$6:$Y$29,15,FALSE)) -> 220-240/1/50 | X48: =IF($H48="","",VLOOKUP($H48,Data!$C$6:$Y$29,16,FALSE)) -> 378 | Y48: =IF($H48="","",VLOOKUP($H48,Data!$C$6:$Y$29,17,FALSE)) -> 1369 | Z48: =IF($H48="","",VLOOKUP($H48,Data!$C$6:$Y$29,18,FALSE)) -> 541 | AA48: =IF($H48="","",VLOOKUP($H48,Data!$C$6:$Y$29,19,FALSE)) -> 852 | AB48: =IF($H48="","",VLOOKUP($H48,Data!$C$6:$Y$29,20,FALSE)) -> 1030 | AC48: =IF($H48="","",VLOOKUP($H48,Data!$C$6:$Y$29,21,FALSE)) -> 400 | AD48: =IF($H48="","",VLOOKUP($H48,Data!$C$6:$Y$29,22,FALSE)) -> 50 | AE48: =IF($H48="","",VLOOKUP($H48,Data!$C$6:$Y$29,23,FALSE)) -> 92 | AG48: =IF($E48="","",IF($C48="DUCTED",VLOOKUP($E48,'DX-Data'!$D$5:$J$11,7,TRUE),IF($C48="DECORATIVE",VLOOKUP($E48,'DX-Data'!$D$19:$J$23,7,TRUE),IF($C48="PACKAGED",VLOOKUP($E48,'DX-Data'!$D$24:$J$30,7,TRUE),IF($C48="DUCTED-INV",VLOOKUP($E48,'DX-Data'!$D$12:$J$18,7,TRUE),"CHOOSE AC TYPE"))))) -> FDMRN36AVKU - RR36AVKU | AH48: =IF($F$9=TRUE,IF($C48="DUCTED",VLOOKUP($F48,'DX-Data'!$F$5:$J$11,5,TRUE),IF($C48="DECORATIVE",VLOOKUP($F48,'DX-Data'!$F$19:$J$23,5,TRUE),IF($C48="PACKAGED",VLOOKUP($F48,'DX-Data'!$F$24:$J$30,5,TRUE),IF($C48="DUCTED-INV",VLOOKUP($F48,'DX-Data'!$F$12:$J$18,5,TRUE),"CHOOSE AC TYPE")))),"NO SELECTION") -> FDMRN36AVKU - RR36AVKU | AI48: =IF($G$9=TRUE,IF($C48="DUCTED",VLOOKUP($G48,'DX-Data'!$H$5:$J$11,3,TRUE),IF($C48="DECORATIVE",VLOOKUP($G48,'DX-Data'!$H$19:$J$23,3,TRUE),IF($C48="PACKAGED",VLOOKUP($G48,'DX-Data'!$H$24:$J$30,3,TRUE),IF($C48="DUCTED-INV",VLOOKUP($G48,'DX-Data'!$H$12:$J$18,3,TRUE),"CHOOSE AC TYPE")))),"NO SELECTION") -> NO SELECTION | AJ48: =IF($E48="","",IF($C48="DUCTED",VLOOKUP($E48,'DX-Data'!$D$5:$J$11,6,TRUE),IF($C48="DECORATIVE",VLOOKUP($E48,'DX-Data'!$D$19:$J$23,6,TRUE),IF($C48="PACKAGED",VLOOKUP($E48,'DX-Data'!$D$24:$J$30,6,TRUE),IF($C48="DUCTED-INV",VLOOKUP($E48,'DX-Data'!$D$12:$J$18,6,TRUE),0))))) -> 4 | AK48: =IF($F$9=TRUE,IF($C48="DUCTED",VLOOKUP($F48,'DX-Data'!$F$5:$J$11,4,TRUE),IF($C48="DECORATIVE",VLOOKUP($F48,'DX-Data'!$F$19:$J$23,4,TRUE),IF($C48="PACKAGED",VLOOKUP($F48,'DX-Data'!$F$24:$J$30,4,TRUE),IF($C48="DUCTED-INV",VLOOKUP($F48,'DX-Data'!$F$12:$J$18,4,TRUE),"CHOOSE AC TYPE")))),0) -> 4 | AL48: =IF($G$9=TRUE,IF($C48="DUCTED",VLOOKUP($G48,'DX-Data'!$H$5:$J$11,2,TRUE),IF($C48="DECORATIVE",VLOOKUP($G48,'DX-Data'!$H$19:$J$23,2,TRUE),IF($C48="PACKAGED",VLOOKUP($G48,'DX-Data'!$H$24:$J$30,2,TRUE),IF($C48="DUCTED-INV",VLOOKUP($G48,'DX-Data'!$H$12:$J$18,2,TRUE),"CHOOSE AC TYPE")))),0) -> 0 | AM48: =MAX(AJ48:AL48) -> 4 | AN48: =IF(E48="","",VLOOKUP($AM48,'DX-Data'!$I$5:$J$31,2,FALSE)) -> FDMRN36AVKU - RR36AVKU | AO48: =IF(OR(AN48="",AN48=0),"",1) -> 1
B49: 2F-DS-02 | C49: DUCTED | D49: APT 02 | E49: 7.1 | F49: 5.6 | G49: 458 | H49: =AN49 -> FDMRN36AVKU - RR36AVKU | I49: =AO49 -> 1 | J49: =IF($H49="","",VLOOKUP($H49,Data!$C$6:$Y$29,2,FALSE)) -> 3 | K49: =IF($H49="","",VLOOKUP($H49,Data!$C$6:$Y$29,3,FALSE)) -> Non-Inverter | L49: =IF($H49="","",VLOOKUP($H49,Data!$C$6:$Y$29,4,FALSE)) -> R-410A | M49: =IF($H49="","",VLOOKUP($H49,Data!$C$6:$Y$29,5,FALSE)) -> 24/16 | N49: =IF($H49="","",VLOOKUP($H49,Data!$C$6:$Y$29,6,FALSE)) -> 46 | O49: =IF($H49="","",VLOOKUP($H49,Data!$C$6:$Y$29,7,FALSE)) -> 8.42 | P49: =IF($H49="","",VLOOKUP($H49,Data!$C$6:$Y$29,8,FALSE)) -> 8.18 | Q49: =IF($H49="","",VLOOKUP($H49,Data!$C$6:$Y$29,9,FALSE)) -> 650 | R49: =IF($H49="","",VLOOKUP($H49,Data!$C$6:$Y$29,10,FALSE)) -> MEDIUM | S49: =IF($H49="","",VLOOKUP($H49,Data!$C$6:$Y$29,11,FALSE)) -> 3.39 | T49: =IF($H49="","",VLOOKUP($H49,Data!$C$6:$Y$29,12,FALSE)) -> 3.55 | U49: =IF($H49="","",VLOOKUP($H49,Data!$C$6:$Y$29,13,FALSE)) -> 3.56 | V49: =IF($H49="","",VLOOKUP($H49,Data!$C$6:$Y$29,14,FALSE)) -> 50 | W49: =IF($H49="","",VLOOKUP($H49,Data!$C$6:$Y$29,15,FALSE)) -> 220-240/1/50 | X49: =IF($H49="","",VLOOKUP($H49,Data!$C$6:$Y$29,16,FALSE)) -> 378 | Y49: =IF($H49="","",VLOOKUP($H49,Data!$C$6:$Y$29,17,FALSE)) -> 1369 | Z49: =IF($H49="","",VLOOKUP($H49,Data!$C$6:$Y$29,18,FALSE)) -> 541 | AA49: =IF($H49="","",VLOOKUP($H49,Data!$C$6:$Y$29,19,FALSE)) -> 852 | AB49: =IF($H49="","",VLOOKUP($H49,Data!$C$6:$Y$29,20,FALSE)) -> 1030 | AC49: =IF($H49="","",VLOOKUP($H49,Data!$C$6:$Y$29,21,FALSE)) -> 400 | AD49: =IF($H49="","",VLOOKUP($H49,Data!$C$6:$Y$29,22,FALSE)) -> 50 | AE49: =IF($H49="","",VLOOKUP($H49,Data!$C$6:$Y$29,23,FALSE)) -> 92 | AG49: =IF($E49="","",IF($C49="DUCTED",VLOOKUP($E49,'DX-Data'!$D$5:$J$11,7,TRUE),IF($C49="DECORATIVE",VLOOKUP($E49,'DX-Data'!$D$19:$J$23,7,TRUE),IF($C49="PACKAGED",VLOOKUP($E49,'DX-Data'!$D$24:$J$30,7,TRUE),IF($C49="DUCTED-INV",VLOOKUP($E49,'DX-Data'!$D$12:$J$18,7,TRUE),"CHOOSE AC TYPE"))))) -> FDMRN36AVKU - RR36AVKU | AH49: =IF($F$9=TRUE,IF($C49="DUCTED",VLOOKUP($F49,'DX-Data'!$F$5:$J$11,5,TRUE),IF($C49="DECORATIVE",VLOOKUP($F49,'DX-Data'!$F$19:$J$23,5,TRUE),IF($C49="PACKAGED",VLOOKUP($F49,'DX-Data'!$F$24:$J$30,5,TRUE),IF($C49="DUCTED-INV",VLOOKUP($F49,'DX-Data'!$F$12:$J$18,5,TRUE),"CHOOSE AC TYPE")))),"NO SELECTION") -> FDMRN30AVKU - RR30AVKU | AI49: =IF($G$9=TRUE,IF($C49="DUCTED",VLOOKUP($G49,'DX-Data'!$H$5:$J$11,3,TRUE),IF($C49="DECORATIVE",VLOOKUP($G49,'DX-Data'!$H$19:$J$23,3,TRUE),IF($C49="PACKAGED",VLOOKUP($G49,'DX-Data'!$H$24:$J$30,3,TRUE),IF($C49="DUCTED-INV",VLOOKUP($G49,'DX-Data'!$H$12:$J$18,3,TRUE),"CHOOSE AC TYPE")))),"NO SELECTION") -> NO SELECTION | AJ49: =IF($E49="","",IF($C49="DUCTED",VLOOKUP($E49,'DX-Data'!$D$5:$J$11,6,TRUE),IF($C49="DECORATIVE",VLOOKUP($E49,'DX-Data'!$D$19:$J$23,6,TRUE),IF($C49="PACKAGED",VLOOKUP($E49,'DX-Data'!$D$24:$J$30,6,TRUE),IF($C49="DUCTED-INV",VLOOKUP($E49,'DX-Data'!$D$12:$J$18,6,TRUE),0))))) -> 4 | AK49: =IF($F$9=TRUE,IF($C49="DUCTED",VLOOKUP($F49,'DX-Data'!$F$5:$J$11,4,TRUE),IF($C49="DECORATIVE",VLOOKUP($F49,'DX-Data'!$F$19:$J$23,4,TRUE),IF($C49="PACKAGED",VLOOKUP($F49,'DX-Data'!$F$24:$J$30,4,TRUE),IF($C49="DUCTED-INV",VLOOKUP($F49,'DX-Data'!$F$12:$J$18,4,TRUE),"CHOOSE AC TYPE")))),0) -> 3 | AL49: =IF($G$9=TRUE,IF($C49="DUCTED",VLOOKUP($G49,'DX-Data'!$H$5:$J$11,2,TRUE),IF($C49="DECORATIVE",VLOOKUP($G49,'DX-Data'!$H$19:$J$23,2,TRUE),IF($C49="PACKAGED",VLOOKUP($G49,'DX-Data'!$H$24:$J$30,2,TRUE),IF($C49="DUCTED-INV",VLOOKUP($G49,'DX-Data'!$H$12:$J$18,2,TRUE),"CHOOSE AC TYPE")))),0) -> 0 | AM49: =MAX(AJ49:AL49) -> 4 | AN49: =IF(E49="","",VLOOKUP($AM49,'DX-Data'!$I$5:$J$31,2,FALSE)) -> FDMRN36AVKU - RR36AVKU | AO49: =IF(OR(AN49="",AN49=0),"",1) -> 1
B50: 2F-DS-03 | C50: DUCTED | D50: APT 03 | E50: 3.2 | F50: 2.5 | G50: 204 | H50: =AN50 -> FDMRN20AVKU - RR20AVKU | I50: =AO50 -> 1 | J50: =IF($H50="","",VLOOKUP($H50,Data!$C$6:$Y$29,2,FALSE)) -> 1.5 | K50: =IF($H50="","",VLOOKUP($H50,Data!$C$6:$Y$29,3,FALSE)) -> Non-Inverter | L50: =IF($H50="","",VLOOKUP($H50,Data!$C$6:$Y$29,4,FALSE)) -> R-410A | M50: =IF($H50="","",VLOOKUP($H50,Data!$C$6:$Y$29,5,FALSE)) -> 24/16 | N50: =IF($H50="","",VLOOKUP($H50,Data!$C$6:$Y$29,6,FALSE)) -> 46 | O50: =IF($H50="","",VLOOKUP($H50,Data!$C$6:$Y$29,7,FALSE)) -> 4.24 | P50: =IF($H50="","",VLOOKUP($H50,Data!$C$6:$Y$29,8,FALSE)) -> 4.11 | Q50: =IF($H50="","",VLOOKUP($H50,Data!$C$6:$Y$29,9,FALSE)) -> 255 | R50: =IF($H50="","",VLOOKUP($H50,Data!$C$6:$Y$29,10,FALSE)) -> MEDIUM | S50: =IF($H50="","",VLOOKUP($H50,Data!$C$6:$Y$29,11,FALSE)) -> 1.77 | T50: =IF($H50="","",VLOOKUP($H50,Data!$C$6:$Y$29,12,FALSE)) -> 1.8 | U50: =IF($H50="","",VLOOKUP($H50,Data!$C$6:$Y$29,13,FALSE)) -> 3.49 | V50: =IF($H50="","",VLOOKUP($H50,Data!$C$6:$Y$29,14,FALSE)) -> 40 | W50: =IF($H50="","",VLOOKUP($H50,Data!$C$6:$Y$29,15,FALSE)) -> 220-240/1/50 | X50: =IF($H50="","",VLOOKUP($H50,Data!$C$6:$Y$29,16,FALSE)) -> 261 | Y50: =IF($H50="","",VLOOKUP($H50,Data!$C$6:$Y$29,17,FALSE)) -> 1200 | Z50: =IF($H50="","",VLOOKUP($H50,Data!$C$6:$Y$29,18,FALSE)) -> 448 | AA50: =IF($H50="","",VLOOKUP($H50,Data!$C$6:$Y$29,19,FALSE)) -> 753 | AB50: =IF($H50="","",VLOOKUP($H50,Data!$C$6:$Y$29,20,FALSE)) -> 855 | AC50: =IF($H50="","",VLOOKUP($H50,Data!$C$6:$Y$29,21,FALSE)) -> 328 | AD50: =IF($H50="","",VLOOKUP($H50,Data!$C$6:$Y$29,22,FALSE)) -> 26 | AE50: =IF($H50="","",VLOOKUP($H50,Data!$C$6:$Y$29,23,FALSE)) -> 47 | AG50: =IF($E50="","",IF($C50="DUCTED",VLOOKUP($E50,'DX-Data'!$D$5:$J$11,7,TRUE),IF($C50="DECORATIVE",VLOOKUP($E50,'DX-Data'!$D$19:$J$23,7,TRUE),IF($C50="PACKAGED",VLOOKUP($E50,'DX-Data'!$D$24:$J$30,7,TRUE),IF($C50="DUCTED-INV",VLOOKUP($E50,'DX-Data'!$D$12:$J$18,7,TRUE),"CHOOSE AC TYPE"))))) -> FDMRN20AVKU - RR20AVKU | AH50: =IF($F$9=TRUE,IF($C50="DUCTED",VLOOKUP($F50,'DX-Data'!$F$5:$J$11,5,TRUE),IF($C50="DECORATIVE",VLOOKUP($F50,'DX-Data'!$F$19:$J$23,5,TRUE),IF($C50="PACKAGED",VLOOKUP($F50,'DX-Data'!$F$24:$J$30,5,TRUE),IF($C50="DUCTED-INV",VLOOKUP($F50,'DX-Data'!$F$12:$J$18,5,TRUE),"CHOOSE AC TYPE")))),"NO SELECTION") -> FDMRN20AVKU - RR20AVKU | AI50: =IF($G$9=TRUE,IF($C50="DUCTED",VLOOKUP($G50,'DX-Data'!$H$5:$J$11,3,TRUE),IF($C50="DECORATIVE",VLOOKUP($G50,'DX-Data'!$H$19:$J$23,3,TRUE),IF($C50="PACKAGED",VLOOKUP($G50,'DX-Data'!$H$24:$J$30,3,TRUE),IF($C50="DUCTED-INV",VLOOKUP($G50,'DX-Data'!$H$12:$J$18,3,TRUE),"CHOOSE AC TYPE")))),"NO SELECTION") -> NO SELECTION | AJ50: =IF($E50="","",IF($C50="DUCTED",VLOOKUP($E50,'DX-Data'!$D$5:$J$11,6,TRUE),IF($C50="DECORATIVE",VLOOKUP($E50,'DX-Data'!$D$19:$J$23,6,TRUE),IF($C50="PACKAGED",VLOOKUP($E50,'DX-Data'!$D$24:$J$30,6,TRUE),IF($C50="DUCTED-INV",VLOOKUP($E50,'DX-Data'!$D$12:$J$18,6,TRUE),0))))) -> 1 | AK50: =IF($F$9=TRUE,IF($C50="DUCTED",VLOOKUP($F50,'DX-Data'!$F$5:$J$11,4,TRUE),IF($C50="DECORATIVE",VLOOKUP($F50,'DX-Data'!$F$19:$J$23,4,TRUE),IF($C50="PACKAGED",VLOOKUP($F50,'DX-Data'!$F$24:$J$30,4,TRUE),IF($C50="DUCTED-INV",VLOOKUP($F50,'DX-Data'!$F$12:$J$18,4,TRUE),"CHOOSE AC TYPE")))),0) -> 1 | AL50: =IF($G$9=TRUE,IF($C50="DUCTED",VLOOKUP($G50,'DX-Data'!$H$5:$J$11,2,TRUE),IF($C50="DECORATIVE",VLOOKUP($G50,'DX-Data'!$H$19:$J$23,2,TRUE),IF($C50="PACKAGED",VLOOKUP($G50,'DX-Data'!$H$24:$J$30,2,TRUE),IF($C50="DUCTED-INV",VLOOKUP($G50,'DX-Data'!$H$12:$J$18,2,TRUE),"CHOOSE AC TYPE")))),0) -> 0 | AM50: =MAX(AJ50:AL50) -> 1 | AN50: =IF(E50="","",VLOOKUP($AM50,'DX-Data'!$I$5:$J$31,2,FALSE)) -> FDMRN20AVKU - RR20AVKU | AO50: =IF(OR(AN50="",AN50=0),"",1) -> 1
B51: 2F-DS-04 | C51: DUCTED | D51: APT 04 | E51: 3.2 | F51: 2.5 | G51: 204 | H51: =AN51 -> FDMRN20AVKU - RR20AVKU | I51: =AO51 -> 1 | J51: =IF($H51="","",VLOOKUP($H51,Data!$C$6:$Y$29,2,FALSE)) -> 1.5 | K51: =IF($H51="","",VLOOKUP($H51,Data!$C$6:$Y$29,3,FALSE)) -> Non-Inverter | L51: =IF($H51="","",VLOOKUP($H51,Data!$C$6:$Y$29,4,FALSE)) -> R-410A | M51: =IF($H51="","",VLOOKUP($H51,Data!$C$6:$Y$29,5,FALSE)) -> 24/16 | N51: =IF($H51="","",VLOOKUP($H51,Data!$C$6:$Y$29,6,FALSE)) -> 46 | O51: =IF($H51="","",VLOOKUP($H51,Data!$C$6:$Y$29,7,FALSE)) -> 4.24 | P51: =IF($H51="","",VLOOKUP($H51,Data!$C$6:$Y$29,8,FALSE)) -> 4.11 | Q51: =IF($H51="","",VLOOKUP($H51,Data!$C$6:$Y$29,9,FALSE)) -> 255 | R51: =IF($H51="","",VLOOKUP($H51,Data!$C$6:$Y$29,10,FALSE)) -> MEDIUM | S51: =IF($H51="","",VLOOKUP($H51,Data!$C$6:$Y$29,11,FALSE)) -> 1.77 | T51: =IF($H51="","",VLOOKUP($H51,Data!$C$6:$Y$29,12,FALSE)) -> 1.8 | U51: =IF($H51="","",VLOOKUP($H51,Data!$C$6:$Y$29,13,FALSE)) -> 3.49 | V51: =IF($H51="","",VLOOKUP($H51,Data!$C$6:$Y$29,14,FALSE)) -> 40 | W51: =IF($H51="","",VLOOKUP($H51,Data!$C$6:$Y$29,15,FALSE)) -> 220-240/1/50 | X51: =IF($H51="","",VLOOKUP($H51,Data!$C$6:$Y$29,16,FALSE)) -> 261 | Y51: =IF($H51="","",VLOOKUP($H51,Data!$C$6:$Y$29,17,FALSE)) -> 1200 | Z51: =IF($H51="","",VLOOKUP($H51,Data!$C$6:$Y$29,18,FALSE)) -> 448 | AA51: =IF($H51="","",VLOOKUP($H51,Data!$C$6:$Y$29,19,FALSE)) -> 753 | AB51: =IF($H51="","",VLOOKUP($H51,Data!$C$6:$Y$29,20,FALSE)) -> 855 | AC51: =IF($H51="","",VLOOKUP($H51,Data!$C$6:$Y$29,21,FALSE)) -> 328 | AD51: =IF($H51="","",VLOOKUP($H51,Data!$C$6:$Y$29,22,FALSE)) -> 26 | AE51: =IF($H51="","",VLOOKUP($H51,Data!$C$6:$Y$29,23,FALSE)) -> 47 | AG51: =IF($E51="","",IF($C51="DUCTED",VLOOKUP($E51,'DX-Data'!$D$5:$J$11,7,TRUE),IF($C51="DECORATIVE",VLOOKUP($E51,'DX-Data'!$D$19:$J$23,7,TRUE),IF($C51="PACKAGED",VLOOKUP($E51,'DX-Data'!$D$24:$J$30,7,TRUE),IF($C51="DUCTED-INV",VLOOKUP($E51,'DX-Data'!$D$12:$J$18,7,TRUE),"CHOOSE AC TYPE"))))) -> FDMRN20AVKU - RR20AVKU | AH51: =IF($F$9=TRUE,IF($C51="DUCTED",VLOOKUP($F51,'DX-Data'!$F$5:$J$11,5,TRUE),IF($C51="DECORATIVE",VLOOKUP($F51,'DX-Data'!$F$19:$J$23,5,TRUE),IF($C51="PACKAGED",VLOOKUP($F51,'DX-Data'!$F$24:$J$30,5,TRUE),IF($C51="DUCTED-INV",VLOOKUP($F51,'DX-Data'!$F$12:$J$18,5,TRUE),"CHOOSE AC TYPE")))),"NO SELECTION") -> FDMRN20AVKU - RR20AVKU | AI51: =IF($G$9=TRUE,IF($C51="DUCTED",VLOOKUP($G51,'DX-Data'!$H$5:$J$11,3,TRUE),IF($C51="DECORATIVE",VLOOKUP($G51,'DX-Data'!$H$19:$J$23,3,TRUE),IF($C51="PACKAGED",VLOOKUP($G51,'DX-Data'!$H$24:$J$30,3,TRUE),IF($C51="DUCTED-INV",VLOOKUP($G51,'DX-Data'!$H$12:$J$18,3,TRUE),"CHOOSE AC TYPE")))),"NO SELECTION") -> NO SELECTION | AJ51: =IF($E51="","",IF($C51="DUCTED",VLOOKUP($E51,'DX-Data'!$D$5:$J$11,6,TRUE),IF($C51="DECORATIVE",VLOOKUP($E51,'DX-Data'!$D$19:$J$23,6,TRUE),IF($C51="PACKAGED",VLOOKUP($E51,'DX-Data'!$D$24:$J$30,6,TRUE),IF($C51="DUCTED-INV",VLOOKUP($E51,'DX-Data'!$D$12:$J$18,6,TRUE),0))))) -> 1 | AK51: =IF($F$9=TRUE,IF($C51="DUCTED",VLOOKUP($F51,'DX-Data'!$F$5:$J$11,4,TRUE),IF($C51="DECORATIVE",VLOOKUP($F51,'DX-Data'!$F$19:$J$23,4,TRUE),IF($C51="PACKAGED",VLOOKUP($F51,'DX-Data'!$F$24:$J$30,4,TRUE),IF($C51="DUCTED-INV",VLOOKUP($F51,'DX-Data'!$F$12:$J$18,4,TRUE),"CHOOSE AC TYPE")))),0) -> 1 | AL51: =IF($G$9=TRUE,IF($C51="DUCTED",VLOOKUP($G51,'DX-Data'!$H$5:$J$11,2,TRUE),IF($C51="DECORATIVE",VLOOKUP($G51,'DX-Data'!$H$19:$J$23,2,TRUE),IF($C51="PACKAGED",VLOOKUP($G51,'DX-Data'!$H$24:$J$30,2,TRUE),IF($C51="DUCTED-INV",VLOOKUP($G51,'DX-Data'!$H$12:$J$18,2,TRUE),"CHOOSE AC TYPE")))),0) -> 0 | AM51: =MAX(AJ51:AL51) -> 1 | AN51: =IF(E51="","",VLOOKUP($AM51,'DX-Data'!$I$5:$J$31,2,FALSE)) -> FDMRN20AVKU - RR20AVKU | AO51: =IF(OR(AN51="",AN51=0),"",1) -> 1
B52: 2F-DS-05 | C52: DUCTED | D52: APT 05 | E52: 3.2 | F52: 2.5 | G52: 204 | H52: =AN52 -> FDMRN20AVKU - RR20AVKU | I52: =AO52 -> 1 | J52: =IF($H52="","",VLOOKUP($H52,Data!$C$6:$Y$29,2,FALSE)) -> 1.5 | K52: =IF($H52="","",VLOOKUP($H52,Data!$C$6:$Y$29,3,FALSE)) -> Non-Inverter | L52: =IF($H52="","",VLOOKUP($H52,Data!$C$6:$Y$29,4,FALSE)) -> R-410A | M52: =IF($H52="","",VLOOKUP($H52,Data!$C$6:$Y$29,5,FALSE)) -> 24/16 | N52: =IF($H52="","",VLOOKUP($H52,Data!$C$6:$Y$29,6,FALSE)) -> 46 | O52: =IF($H52="","",VLOOKUP($H52,Data!$C$6:$Y$29,7,FALSE)) -> 4.24 | P52: =IF($H52="","",VLOOKUP($H52,Data!$C$6:$Y$29,8,FALSE)) -> 4.11 | Q52: =IF($H52="","",VLOOKUP($H52,Data!$C$6:$Y$29,9,FALSE)) -> 255 | R52: =IF($H52="","",VLOOKUP($H52,Data!$C$6:$Y$29,10,FALSE)) -> MEDIUM | S52: =IF($H52="","",VLOOKUP($H52,Data!$C$6:$Y$29,11,FALSE)) -> 1.77 | T52: =IF($H52="","",VLOOKUP($H52,Data!$C$6:$Y$29,12,FALSE)) -> 1.8 | U52: =IF($H52="","",VLOOKUP($H52,Data!$C$6:$Y$29,13,FALSE)) -> 3.49 | V52: =IF($H52="","",VLOOKUP($H52,Data!$C$6:$Y$29,14,FALSE)) -> 40 | W52: =IF($H52="","",VLOOKUP($H52,Data!$C$6:$Y$29,15,FALSE)) -> 220-240/1/50 | X52: =IF($H52="","",VLOOKUP($H52,Data!$C$6:$Y$29,16,FALSE)) -> 261 | Y52: =IF($H52="","",VLOOKUP($H52,Data!$C$6:$Y$29,17,FALSE)) -> 1200 | Z52: =IF($H52="","",VLOOKUP($H52,Data!$C$6:$Y$29,18,FALSE)) -> 448 | AA52: =IF($H52="","",VLOOKUP($H52,Data!$C$6:$Y$29,19,FALSE)) -> 753 | AB52: =IF($H52="","",VLOOKUP($H52,Data!$C$6:$Y$29,20,FALSE)) -> 855 | AC52: =IF($H52="","",VLOOKUP($H52,Data!$C$6:$Y$29,21,FALSE)) -> 328 | AD52: =IF($H52="","",VLOOKUP($H52,Data!$C$6:$Y$29,22,FALSE)) -> 26 | AE52: =IF($H52="","",VLOOKUP($H52,Data!$C$6:$Y$29,23,FALSE)) -> 47 | AG52: =IF($E52="","",IF($C52="DUCTED",VLOOKUP($E52,'DX-Data'!$D$5:$J$11,7,TRUE),IF($C52="DECORATIVE",VLOOKUP($E52,'DX-Data'!$D$19:$J$23,7,TRUE),IF($C52="PACKAGED",VLOOKUP($E52,'DX-Data'!$D$24:$J$30,7,TRUE),IF($C52="DUCTED-INV",VLOOKUP($E52,'DX-Data'!$D$12:$J$18,7,TRUE),"CHOOSE AC TYPE"))))) -> FDMRN20AVKU - RR20AVKU | AH52: =IF($F$9=TRUE,IF($C52="DUCTED",VLOOKUP($F52,'DX-Data'!$F$5:$J$11,5,TRUE),IF($C52="DECORATIVE",VLOOKUP($F52,'DX-Data'!$F$19:$J$23,5,TRUE),IF($C52="PACKAGED",VLOOKUP($F52,'DX-Data'!$F$24:$J$30,5,TRUE),IF($C52="DUCTED-INV",VLOOKUP($F52,'DX-Data'!$F$12:$J$18,5,TRUE),"CHOOSE AC TYPE")))),"NO SELECTION") -> FDMRN20AVKU - RR20AVKU | AI52: =IF($G$9=TRUE,IF($C52="DUCTED",VLOOKUP($G52,'DX-Data'!$H$5:$J$11,3,TRUE),IF($C52="DECORATIVE",VLOOKUP($G52,'DX-Data'!$H$19:$J$23,3,TRUE),IF($C52="PACKAGED",VLOOKUP($G52,'DX-Data'!$H$24:$J$30,3,TRUE),IF($C52="DUCTED-INV",VLOOKUP($G52,'DX-Data'!$H$12:$J$18,3,TRUE),"CHOOSE AC TYPE")))),"NO SELECTION") -> NO SELECTION | AJ52: =IF($E52="","",IF($C52="DUCTED",VLOOKUP($E52,'DX-Data'!$D$5:$J$11,6,TRUE),IF($C52="DECORATIVE",VLOOKUP($E52,'DX-Data'!$D$19:$J$23,6,TRUE),IF($C52="PACKAGED",VLOOKUP($E52,'DX-Data'!$D$24:$J$30,6,TRUE),IF($C52="DUCTED-INV",VLOOKUP($E52,'DX-Data'!$D$12:$J$18,6,TRUE),0))))) -> 1 | AK52: =IF($F$9=TRUE,IF($C52="DUCTED",VLOOKUP($F52,'DX-Data'!$F$5:$J$11,4,TRUE),IF($C52="DECORATIVE",VLOOKUP($F52,'DX-Data'!$F$19:$J$23,4,TRUE),IF($C52="PACKAGED",VLOOKUP($F52,'DX-Data'!$F$24:$J$30,4,TRUE),IF($C52="DUCTED-INV",VLOOKUP($F52,'DX-Data'!$F$12:$J$18,4,TRUE),"CHOOSE AC TYPE")))),0) -> 1 | AL52: =IF($G$9=TRUE,IF($C52="DUCTED",VLOOKUP($G52,'DX-Data'!$H$5:$J$11,2,TRUE),IF($C52="DECORATIVE",VLOOKUP($G52,'DX-Data'!$H$19:$J$23,2,TRUE),IF($C52="PACKAGED",VLOOKUP($G52,'DX-Data'!$H$24:$J$30,2,TRUE),IF($C52="DUCTED-INV",VLOOKUP($G52,'DX-Data'!$H$12:$J$18,2,TRUE),"CHOOSE AC TYPE")))),0) -> 0 | AM52: =MAX(AJ52:AL52) -> 1 | AN52: =IF(E52="","",VLOOKUP($AM52,'DX-Data'!$I$5:$J$31,2,FALSE)) -> FDMRN20AVKU - RR20AVKU | AO52: =IF(OR(AN52="",AN52=0),"",1) -> 1
B53: 2F-DS-06 | C53: DUCTED | D53: APT 06 | E53: 7.5 | F53: 6 | G53: 491 | H53: =AN53 -> FDMRN36AVKU - RR36AVKU | I53: =AO53 -> 1 | J53: =IF($H53="","",VLOOKUP($H53,Data!$C$6:$Y$29,2,FALSE)) -> 3 | K53: =IF($H53="","",VLOOKUP($H53,Data!$C$6:$Y$29,3,FALSE)) -> Non-Inverter | L53: =IF($H53="","",VLOOKUP($H53,Data!$C$6:$Y$29,4,FALSE)) -> R-410A | M53: =IF($H53="","",VLOOKUP($H53,Data!$C$6:$Y$29,5,FALSE)) -> 24/16 | N53: =IF($H53="","",VLOOKUP($H53,Data!$C$6:$Y$29,6,FALSE)) -> 46 | O53: =IF($H53="","",VLOOKUP($H53,Data!$C$6:$Y$29,7,FALSE)) -> 8.42 | P53: =IF($H53="","",VLOOKUP($H53,Data!$C$6:$Y$29,8,FALSE)) -> 8.18 | Q53: =IF($H53="","",VLOOKUP($H53,Data!$C$6:$Y$29,9,FALSE)) -> 650 | R53: =IF($H53="","",VLOOKUP($H53,Data!$C$6:$Y$29,10,FALSE)) -> MEDIUM | S53: =IF($H53="","",VLOOKUP($H53,Data!$C$6:$Y$29,11,FALSE)) -> 3.39 | T53: =IF($H53="","",VLOOKUP($H53,Data!$C$6:$Y$29,12,FALSE)) -> 3.55 | U53: =IF($H53="","",VLOOKUP($H53,Data!$C$6:$Y$29,13,FALSE)) -> 3.56 | V53: =IF($H53="","",VLOOKUP($H53,Data!$C$6:$Y$29,14,FALSE)) -> 50 | W53: =IF($H53="","",VLOOKUP($H53,Data!$C$6:$Y$29,15,FALSE)) -> 220-240/1/50 | X53: =IF($H53="","",VLOOKUP($H53,Data!$C$6:$Y$29,16,FALSE)) -> 378 | Y53: =IF($H53="","",VLOOKUP($H53,Data!$C$6:$Y$29,17,FALSE)) -> 1369 | Z53: =IF($H53="","",VLOOKUP($H53,Data!$C$6:$Y$29,18,FALSE)) -> 541 | AA53: =IF($H53="","",VLOOKUP($H53,Data!$C$6:$Y$29,19,FALSE)) -> 852 | AB53: =IF($H53="","",VLOOKUP($H53,Data!$C$6:$Y$29,20,FALSE)) -> 1030 | AC53: =IF($H53="","",VLOOKUP($H53,Data!$C$6:$Y$29,21,FALSE)) -> 400 | AD53: =IF($H53="","",VLOOKUP($H53,Data!$C$6:$Y$29,22,FALSE)) -> 50 | AE53: =IF($H53="","",VLOOKUP($H53,Data!$C$6:$Y$29,23,FALSE)) -> 92 | AG53: =IF($E53="","",IF($C53="DUCTED",VLOOKUP($E53,'DX-Data'!$D$5:$J$11,7,TRUE),IF($C53="DECORATIVE",VLOOKUP($E53,'DX-Data'!$D$19:$J$23,7,TRUE),IF($C53="PACKAGED",VLOOKUP($E53,'DX-Data'!$D$24:$J$30,7,TRUE),IF($C53="DUCTED-INV",VLOOKUP($E53,'DX-Data'!$D$12:$J$18,7,TRUE),"CHOOSE AC TYPE"))))) -> FDMRN36AVKU - RR36AVKU | AH53: =IF($F$9=TRUE,IF($C53="DUCTED",VLOOKUP($F53,'DX-Data'!$F$5:$J$11,5,TRUE),IF($C53="DECORATIVE",VLOOKUP($F53,'DX-Data'!$F$19:$J$23,5,TRUE),IF($C53="PACKAGED",VLOOKUP($F53,'DX-Data'!$F$24:$J$30,5,TRUE),IF($C53="DUCTED-INV",VLOOKUP($F53,'DX-Data'!$F$12:$J$18,5,TRUE),"CHOOSE AC TYPE")))),"NO SELECTION") -> FDMRN30AVKU - RR30AVKU | AI53: =IF($G$9=TRUE,IF($C53="DUCTED",VLOOKUP($G53,'DX-Data'!$H$5:$J$11,3,TRUE),IF($C53="DECORATIVE",VLOOKUP($G53,'DX-Data'!$H$19:$J$23,3,TRUE),IF($C53="PACKAGED",VLOOKUP($G53,'DX-Data'!$H$24:$J$30,3,TRUE),IF($C53="DUCTED-INV",VLOOKUP($G53,'DX-Data'!$H$12:$J$18,3,TRUE),"CHOOSE AC TYPE")))),"NO SELECTION") -> NO SELECTION | AJ53: =IF($E53="","",IF($C53="DUCTED",VLOOKUP($E53,'DX-Data'!$D$5:$J$11,6,TRUE),IF($C53="DECORATIVE",VLOOKUP($E53,'DX-Data'!$D$19:$J$23,6,TRUE),IF($C53="PACKAGED",VLOOKUP($E53,'DX-Data'!$D$24:$J$30,6,TRUE),IF($C53="DUCTED-INV",VLOOKUP($E53,'DX-Data'!$D$12:$J$18,6,TRUE),0))))) -> 4 | AK53: =IF($F$9=TRUE,IF($C53="DUCTED",VLOOKUP($F53,'DX-Data'!$F$5:$J$11,4,TRUE),IF($C53="DECORATIVE",VLOOKUP($F53,'DX-Data'!$F$19:$J$23,4,TRUE),IF($C53="PACKAGED",VLOOKUP($F53,'DX-Data'!$F$24:$J$30,4,TRUE),IF($C53="DUCTED-INV",VLOOKUP($F53,'DX-Data'!$F$12:$J$18,4,TRUE),"CHOOSE AC TYPE")))),0) -> 3 | AL53: =IF($G$9=TRUE,IF($C53="DUCTED",VLOOKUP($G53,'DX-Data'!$H$5:$J$11,2,TRUE),IF($C53="DECORATIVE",VLOOKUP($G53,'DX-Data'!$H$19:$J$23,2,TRUE),IF($C53="PACKAGED",VLOOKUP($G53,'DX-Data'!$H$24:$J$30,2,TRUE),IF($C53="DUCTED-INV",VLOOKUP($G53,'DX-Data'!$H$12:$J$18,2,TRUE),"CHOOSE AC TYPE")))),0) -> 0 | AM53: =MAX(AJ53:AL53) -> 4 | AN53: =IF(E53="","",VLOOKUP($AM53,'DX-Data'!$I$5:$J$31,2,FALSE)) -> FDMRN36AVKU - RR36AVKU | AO53: =IF(OR(AN53="",AN53=0),"",1) -> 1
B54: 2F-DS-07 | C54: DUCTED | D54: APT 07 | E54: 7.3 | F54: 5.8 | G54: 469 | H54: =AN54 -> FDMRN36AVKU - RR36AVKU | I54: =AO54 -> 1 | J54: =IF($H54="","",VLOOKUP($H54,Data!$C$6:$Y$29,2,FALSE)) -> 3 | K54: =IF($H54="","",VLOOKUP($H54,Data!$C$6:$Y$29,3,FALSE)) -> Non-Inverter | L54: =IF($H54="","",VLOOKUP($H54,Data!$C$6:$Y$29,4,FALSE)) -> R-410A | M54: =IF($H54="","",VLOOKUP($H54,Data!$C$6:$Y$29,5,FALSE)) -> 24/16 | N54: =IF($H54="","",VLOOKUP($H54,Data!$C$6:$Y$29,6,FALSE)) -> 46 | O54: =IF($H54="","",VLOOKUP($H54,Data!$C$6:$Y$29,7,FALSE)) -> 8.42 | P54: =IF($H54="","",VLOOKUP($H54,Data!$C$6:$Y$29,8,FALSE)) -> 8.18 | Q54: =IF($H54="","",VLOOKUP($H54,Data!$C$6:$Y$29,9,FALSE)) -> 650 | R54: =IF($H54="","",VLOOKUP($H54,Data!$C$6:$Y$29,10,FALSE)) -> MEDIUM | S54: =IF($H54="","",VLOOKUP($H54,Data!$C$6:$Y$29,11,FALSE)) -> 3.39 | T54: =IF($H54="","",VLOOKUP($H54,Data!$C$6:$Y$29,12,FALSE)) -> 3.55 | U54: =IF($H54="","",VLOOKUP($H54,Data!$C$6:$Y$29,13,FALSE)) -> 3.56 | V54: =IF($H54="","",VLOOKUP($H54,Data!$C$6:$Y$29,14,FALSE)) -> 50 | W54: =IF($H54="","",VLOOKUP($H54,Data!$C$6:$Y$29,15,FALSE)) -> 220-240/1/50 | X54: =IF($H54="","",VLOOKUP($H54,Data!$C$6:$Y$29,16,FALSE)) -> 378 | Y54: =IF($H54="","",VLOOKUP($H54,Data!$C$6:$Y$29,17,FALSE)) -> 1369 | Z54: =IF($H54="","",VLOOKUP($H54,Data!$C$6:$Y$29,18,FALSE)) -> 541 | AA54: =IF($H54="","",VLOOKUP($H54,Data!$C$6:$Y$29,19,FALSE)) -> 852 | AB54: =IF($H54="","",VLOOKUP($H54,Data!$C$6:$Y$29,20,FALSE)) -> 1030 | AC54: =IF($H54="","",VLOOKUP($H54,Data!$C$6:$Y$29,21,FALSE)) -> 400 | AD54: =IF($H54="","",VLOOKUP($H54,Data!$C$6:$Y$29,22,FALSE)) -> 50 | AE54: =IF($H54="","",VLOOKUP($H54,Data!$C$6:$Y$29,23,FALSE)) -> 92 | AG54: =IF($E54="","",IF($C54="DUCTED",VLOOKUP($E54,'DX-Data'!$D$5:$J$11,7,TRUE),IF($C54="DECORATIVE",VLOOKUP($E54,'DX-Data'!$D$19:$J$23,7,TRUE),IF($C54="PACKAGED",VLOOKUP($E54,'DX-Data'!$D$24:$J$30,7,TRUE),IF($C54="DUCTED-INV",VLOOKUP($E54,'DX-Data'!$D$12:$J$18,7,TRUE),"CHOOSE AC TYPE"))))) -> FDMRN36AVKU - RR36AVKU | AH54: =IF($F$9=TRUE,IF($C54="DUCTED",VLOOKUP($F54,'DX-Data'!$F$5:$J$11,5,TRUE),IF($C54="DECORATIVE",VLOOKUP($F54,'DX-Data'!$F$19:$J$23,5,TRUE),IF($C54="PACKAGED",VLOOKUP($F54,'DX-Data'!$F$24:$J$30,5,TRUE),IF($C54="DUCTED-INV",VLOOKUP($F54,'DX-Data'!$F$12:$J$18,5,TRUE),"CHOOSE AC TYPE")))),"NO SELECTION") -> FDMRN30AVKU - RR30AVKU | AI54: =IF($G$9=TRUE,IF($C54="DUCTED",VLOOKUP($G54,'DX-Data'!$H$5:$J$11,3,TRUE),IF($C54="DECORATIVE",VLOOKUP($G54,'DX-Data'!$H$19:$J$23,3,TRUE),IF($C54="PACKAGED",VLOOKUP($G54,'DX-Data'!$H$24:$J$30,3,TRUE),IF($C54="DUCTED-INV",VLOOKUP($G54,'DX-Data'!$H$12:$J$18,3,TRUE),"CHOOSE AC TYPE")))),"NO SELECTION") -> NO SELECTION | AJ54: =IF($E54="","",IF($C54="DUCTED",VLOOKUP($E54,'DX-Data'!$D$5:$J$11,6,TRUE),IF($C54="DECORATIVE",VLOOKUP($E54,'DX-Data'!$D$19:$J$23,6,TRUE),IF($C54="PACKAGED",VLOOKUP($E54,'DX-Data'!$D$24:$J$30,6,TRUE),IF($C54="DUCTED-INV",VLOOKUP($E54,'DX-Data'!$D$12:$J$18,6,TRUE),0))))) -> 4 | AK54: =IF($F$9=TRUE,IF($C54="DUCTED",VLOOKUP($F54,'DX-Data'!$F$5:$J$11,4,TRUE),IF($C54="DECORATIVE",VLOOKUP($F54,'DX-Data'!$F$19:$J$23,4,TRUE),IF($C54="PACKAGED",VLOOKUP($F54,'DX-Data'!$F$24:$J$30,4,TRUE),IF($C54="DUCTED-INV",VLOOKUP($F54,'DX-Data'!$F$12:$J$18,4,TRUE),"CHOOSE AC TYPE")))),0) -> 3 | AL54: =IF($G$9=TRUE,IF($C54="DUCTED",VLOOKUP($G54,'DX-Data'!$H$5:$J$11,2,TRUE),IF($C54="DECORATIVE",VLOOKUP($G54,'DX-Data'!$H$19:$J$23,2,TRUE),IF($C54="PACKAGED",VLOOKUP($G54,'DX-Data'!$H$24:$J$30,2,TRUE),IF($C54="DUCTED-INV",VLOOKUP($G54,'DX-Data'!$H$12:$J$18,2,TRUE),"CHOOSE AC TYPE")))),0) -> 0 | AM54: =MAX(AJ54:AL54) -> 4 | AN54: =IF(E54="","",VLOOKUP($AM54,'DX-Data'!$I$5:$J$31,2,FALSE)) -> FDMRN36AVKU - RR36AVKU | AO54: =IF(OR(AN54="",AN54=0),"",1) -> 1
B55: 2F-DS-08 | C55: DUCTED | D55: APT 08 | E55: 3.3 | F55: 2.7 | G55: 215 | H55: =AN55 -> FDMRN20AVKU - RR20AVKU | I55: =AO55 -> 1 | J55: =IF($H55="","",VLOOKUP($H55,Data!$C$6:$Y$29,2,FALSE)) -> 1.5 | K55: =IF($H55="","",VLOOKUP($H55,Data!$C$6:$Y$29,3,FALSE)) -> Non-Inverter | L55: =IF($H55="","",VLOOKUP($H55,Data!$C$6:$Y$29,4,FALSE)) -> R-410A | M55: =IF($H55="","",VLOOKUP($H55,Data!$C$6:$Y$29,5,FALSE)) -> 24/16 | N55: =IF($H55="","",VLOOKUP($H55,Data!$C$6:$Y$29,6,FALSE)) -> 46 | O55: =IF($H55="","",VLOOKUP($H55,Data!$C$6:$Y$29,7,FALSE)) -> 4.24 | P55: =IF($H55="","",VLOOKUP($H55,Data!$C$6:$Y$29,8,FALSE)) -> 4.11 | Q55: =IF($H55="","",VLOOKUP($H55,Data!$C$6:$Y$29,9,FALSE)) -> 255 | R55: =IF($H55="","",VLOOKUP($H55,Data!$C$6:$Y$29,10,FALSE)) -> MEDIUM | S55: =IF($H55="","",VLOOKUP($H55,Data!$C$6:$Y$29,11,FALSE)) -> 1.77 | T55: =IF($H55="","",VLOOKUP($H55,Data!$C$6:$Y$29,12,FALSE)) -> 1.8 | U55: =IF($H55="","",VLOOKUP($H55,Data!$C$6:$Y$29,13,FALSE)) -> 3.49 | V55: =IF($H55="","",VLOOKUP($H55,Data!$C$6:$Y$29,14,FALSE)) -> 40 | W55: =IF($H55="","",VLOOKUP($H55,Data!$C$6:$Y$29,15,FALSE)) -> 220-240/1/50 | X55: =IF($H55="","",VLOOKUP($H55,Data!$C$6:$Y$29,16,FALSE)) -> 261 | Y55: =IF($H55="","",VLOOKUP($H55,Data!$C$6:$Y$29,17,FALSE)) -> 1200 | Z55: =IF($H55="","",VLOOKUP($H55,Data!$C$6:$Y$29,18,FALSE)) -> 448 | AA55: =IF($H55="","",VLOOKUP($H55,Data!$C$6:$Y$29,19,FALSE)) -> 753 | AB55: =IF($H55="","",VLOOKUP($H55,Data!$C$6:$Y$29,20,FALSE)) -> 855 | AC55: =IF($H55="","",VLOOKUP($H55,Data!$C$6:$Y$29,21,FALSE)) -> 328 | AD55: =IF($H55="","",VLOOKUP($H55,Data!$C$6:$Y$29,22,FALSE)) -> 26 | AE55: =IF($H55="","",VLOOKUP($H55,Data!$C$6:$Y$29,23,FALSE)) -> 47 | AG55: =IF($E55="","",IF($C55="DUCTED",VLOOKUP($E55,'DX-Data'!$D$5:$J$11,7,TRUE),IF($C55="DECORATIVE",VLOOKUP($E55,'DX-Data'!$D$19:$J$23,7,TRUE),IF($C55="PACKAGED",VLOOKUP($E55,'DX-Data'!$D$24:$J$30,7,TRUE),IF($C55="DUCTED-INV",VLOOKUP($E55,'DX-Data'!$D$12:$J$18,7,TRUE),"CHOOSE AC TYPE"))))) -> FDMRN20AVKU - RR20AVKU | AH55: =IF($F$9=TRUE,IF($C55="DUCTED",VLOOKUP($F55,'DX-Data'!$F$5:$J$11,5,TRUE),IF($C55="DECORATIVE",VLOOKUP($F55,'DX-Data'!$F$19:$J$23,5,TRUE),IF($C55="PACKAGED",VLOOKUP($F55,'DX-Data'!$F$24:$J$30,5,TRUE),IF($C55="DUCTED-INV",VLOOKUP($F55,'DX-Data'!$F$12:$J$18,5,TRUE),"CHOOSE AC TYPE")))),"NO SELECTION") -> FDMRN20AVKU - RR20AVKU | AI55: =IF($G$9=TRUE,IF($C55="DUCTED",VLOOKUP($G55,'DX-Data'!$H$5:$J$11,3,TRUE),IF($C55="DECORATIVE",VLOOKUP($G55,'DX-Data'!$H$19:$J$23,3,TRUE),IF($C55="PACKAGED",VLOOKUP($G55,'DX-Data'!$H$24:$J$30,3,TRUE),IF($C55="DUCTED-INV",VLOOKUP($G55,'DX-Data'!$H$12:$J$18,3,TRUE),"CHOOSE AC TYPE")))),"NO SELECTION") -> NO SELECTION | AJ55: =IF($E55="","",IF($C55="DUCTED",VLOOKUP($E55,'DX-Data'!$D$5:$J$11,6,TRUE),IF($C55="DECORATIVE",VLOOKUP($E55,'DX-Data'!$D$19:$J$23,6,TRUE),IF($C55="PACKAGED",VLOOKUP($E55,'DX-Data'!$D$24:$J$30,6,TRUE),IF($C55="DUCTED-INV",VLOOKUP($E55,'DX-Data'!$D$12:$J$18,6,TRUE),0))))) -> 1 | AK55: =IF($F$9=TRUE,IF($C55="DUCTED",VLOOKUP($F55,'DX-Data'!$F$5:$J$11,4,TRUE),IF($C55="DECORATIVE",VLOOKUP($F55,'DX-Data'!$F$19:$J$23,4,TRUE),IF($C55="PACKAGED",VLOOKUP($F55,'DX-Data'!$F$24:$J$30,4,TRUE),IF($C55="DUCTED-INV",VLOOKUP($F55,'DX-Data'!$F$12:$J$18,4,TRUE),"CHOOSE AC TYPE")))),0) -> 1 | AL55: =IF($G$9=TRUE,IF($C55="DUCTED",VLOOKUP($G55,'DX-Data'!$H$5:$J$11,2,TRUE),IF($C55="DECORATIVE",VLOOKUP($G55,'DX-Data'!$H$19:$J$23,2,TRUE),IF($C55="PACKAGED",VLOOKUP($G55,'DX-Data'!$H$24:$J$30,2,TRUE),IF($C55="DUCTED-INV",VLOOKUP($G55,'DX-Data'!$H$12:$J$18,2,TRUE),"CHOOSE AC TYPE")))),0) -> 0 | AM55: =MAX(AJ55:AL55) -> 1 | AN55: =IF(E55="","",VLOOKUP($AM55,'DX-Data'!$I$5:$J$31,2,FALSE)) -> FDMRN20AVKU - RR20AVKU | AO55: =IF(OR(AN55="",AN55=0),"",1) -> 1
B56: 2F-DS-09 | C56: DUCTED | D56: APT 09 | E56: 3.3 | F56: 2.7 | G56: 215 | H56: =AN56 -> FDMRN20AVKU - RR20AVKU | I56: =AO56 -> 1 | J56: =IF($H56="","",VLOOKUP($H56,Data!$C$6:$Y$29,2,FALSE)) -> 1.5 | K56: =IF($H56="","",VLOOKUP($H56,Data!$C$6:$Y$29,3,FALSE)) -> Non-Inverter | L56: =IF($H56="","",VLOOKUP($H56,Data!$C$6:$Y$29,4,FALSE)) -> R-410A | M56: =IF($H56="","",VLOOKUP($H56,Data!$C$6:$Y$29,5,FALSE)) -> 24/16 | N56: =IF($H56="","",VLOOKUP($H56,Data!$C$6:$Y$29,6,FALSE)) -> 46 | O56: =IF($H56="","",VLOOKUP($H56,Data!$C$6:$Y$29,7,FALSE)) -> 4.24 | P56: =IF($H56="","",VLOOKUP($H56,Data!$C$6:$Y$29,8,FALSE)) -> 4.11 | Q56: =IF($H56="","",VLOOKUP($H56,Data!$C$6:$Y$29,9,FALSE)) -> 255 | R56: =IF($H56="","",VLOOKUP($H56,Data!$C$6:$Y$29,10,FALSE)) -> MEDIUM | S56: =IF($H56="","",VLOOKUP($H56,Data!$C$6:$Y$29,11,FALSE)) -> 1.77 | T56: =IF($H56="","",VLOOKUP($H56,Data!$C$6:$Y$29,12,FALSE)) -> 1.8 | U56: =IF($H56="","",VLOOKUP($H56,Data!$C$6:$Y$29,13,FALSE)) -> 3.49 | V56: =IF($H56="","",VLOOKUP($H56,Data!$C$6:$Y$29,14,FALSE)) -> 40 | W56: =IF($H56="","",VLOOKUP($H56,Data!$C$6:$Y$29,15,FALSE)) -> 220-240/1/50 | X56: =IF($H56="","",VLOOKUP($H56,Data!$C$6:$Y$29,16,FALSE)) -> 261 | Y56: =IF($H56="","",VLOOKUP($H56,Data!$C$6:$Y$29,17,FALSE)) -> 1200 | Z56: =IF($H56="","",VLOOKUP($H56,Data!$C$6:$Y$29,18,FALSE)) -> 448 | AA56: =IF($H56="","",VLOOKUP($H56,Data!$C$6:$Y$29,19,FALSE)) -> 753 | AB56: =IF($H56="","",VLOOKUP($H56,Data!$C$6:$Y$29,20,FALSE)) -> 855 | AC56: =IF($H56="","",VLOOKUP($H56,Data!$C$6:$Y$29,21,FALSE)) -> 328 | AD56: =IF($H56="","",VLOOKUP($H56,Data!$C$6:$Y$29,22,FALSE)) -> 26 | AE56: =IF($H56="","",VLOOKUP($H56,Data!$C$6:$Y$29,23,FALSE)) -> 47 | AG56: =IF($E56="","",IF($C56="DUCTED",VLOOKUP($E56,'DX-Data'!$D$5:$J$11,7,TRUE),IF($C56="DECORATIVE",VLOOKUP($E56,'DX-Data'!$D$19:$J$23,7,TRUE),IF($C56="PACKAGED",VLOOKUP($E56,'DX-Data'!$D$24:$J$30,7,TRUE),IF($C56="DUCTED-INV",VLOOKUP($E56,'DX-Data'!$D$12:$J$18,7,TRUE),"CHOOSE AC TYPE"))))) -> FDMRN20AVKU - RR20AVKU | AH56: =IF($F$9=TRUE,IF($C56="DUCTED",VLOOKUP($F56,'DX-Data'!$F$5:$J$11,5,TRUE),IF($C56="DECORATIVE",VLOOKUP($F56,'DX-Data'!$F$19:$J$23,5,TRUE),IF($C56="PACKAGED",VLOOKUP($F56,'DX-Data'!$F$24:$J$30,5,TRUE),IF($C56="DUCTED-INV",VLOOKUP($F56,'DX-Data'!$F$12:$J$18,5,TRUE),"CHOOSE AC TYPE")))),"NO SELECTION") -> FDMRN20AVKU - RR20AVKU | AI56: =IF($G$9=TRUE,IF($C56="DUCTED",VLOOKUP($G56,'DX-Data'!$H$5:$J$11,3,TRUE),IF($C56="DECORATIVE",VLOOKUP($G56,'DX-Data'!$H$19:$J$23,3,TRUE),IF($C56="PACKAGED",VLOOKUP($G56,'DX-Data'!$H$24:$J$30,3,TRUE),IF($C56="DUCTED-INV",VLOOKUP($G56,'DX-Data'!$H$12:$J$18,3,TRUE),"CHOOSE AC TYPE")))),"NO SELECTION") -> NO SELECTION | AJ56: =IF($E56="","",IF($C56="DUCTED",VLOOKUP($E56,'DX-Data'!$D$5:$J$11,6,TRUE),IF($C56="DECORATIVE",VLOOKUP($E56,'DX-Data'!$D$19:$J$23,6,TRUE),IF($C56="PACKAGED",VLOOKUP($E56,'DX-Data'!$D$24:$J$30,6,TRUE),IF($C56="DUCTED-INV",VLOOKUP($E56,'DX-Data'!$D$12:$J$18,6,TRUE),0))))) -> 1 | AK56: =IF($F$9=TRUE,IF($C56="DUCTED",VLOOKUP($F56,'DX-Data'!$F$5:$J$11,4,TRUE),IF($C56="DECORATIVE",VLOOKUP($F56,'DX-Data'!$F$19:$J$23,4,TRUE),IF($C56="PACKAGED",VLOOKUP($F56,'DX-Data'!$F$24:$J$30,4,TRUE),IF($C56="DUCTED-INV",VLOOKUP($F56,'DX-Data'!$F$12:$J$18,4,TRUE),"CHOOSE AC TYPE")))),0) -> 1 | AL56: =IF($G$9=TRUE,IF($C56="DUCTED",VLOOKUP($G56,'DX-Data'!$H$5:$J$11,2,TRUE),IF($C56="DECORATIVE",VLOOKUP($G56,'DX-Data'!$H$19:$J$23,2,TRUE),IF($C56="PACKAGED",VLOOKUP($G56,'DX-Data'!$H$24:$J$30,2,TRUE),IF($C56="DUCTED-INV",VLOOKUP($G56,'DX-Data'!$H$12:$J$18,2,TRUE),"CHOOSE AC TYPE")))),0) -> 0 | AM56: =MAX(AJ56:AL56) -> 1 | AN56: =IF(E56="","",VLOOKUP($AM56,'DX-Data'!$I$5:$J$31,2,FALSE)) -> FDMRN20AVKU - RR20AVKU | AO56: =IF(OR(AN56="",AN56=0),"",1) -> 1
B57: 2F-DS-10 | C57: DUCTED | D57: APT 10 | E57: 3.3 | F57: 2.7 | G57: 215 | H57: =AN57 -> FDMRN20AVKU - RR20AVKU | I57: =AO57 -> 1 | J57: =IF($H57="","",VLOOKUP($H57,Data!$C$6:$Y$29,2,FALSE)) -> 1.5 | K57: =IF($H57="","",VLOOKUP($H57,Data!$C$6:$Y$29,3,FALSE)) -> Non-Inverter | L57: =IF($H57="","",VLOOKUP($H57,Data!$C$6:$Y$29,4,FALSE)) -> R-410A | M57: =IF($H57="","",VLOOKUP($H57,Data!$C$6:$Y$29,5,FALSE)) -> 24/16 | N57: =IF($H57="","",VLOOKUP($H57,Data!$C$6:$Y$29,6,FALSE)) -> 46 | O57: =IF($H57="","",VLOOKUP($H57,Data!$C$6:$Y$29,7,FALSE)) -> 4.24 | P57: =IF($H57="","",VLOOKUP($H57,Data!$C$6:$Y$29,8,FALSE)) -> 4.11 | Q57: =IF($H57="","",VLOOKUP($H57,Data!$C$6:$Y$29,9,FALSE)) -> 255 | R57: =IF($H57="","",VLOOKUP($H57,Data!$C$6:$Y$29,10,FALSE)) -> MEDIUM | S57: =IF($H57="","",VLOOKUP($H57,Data!$C$6:$Y$29,11,FALSE)) -> 1.77 | T57: =IF($H57="","",VLOOKUP($H57,Data!$C$6:$Y$29,12,FALSE)) -> 1.8 | U57: =IF($H57="","",VLOOKUP($H57,Data!$C$6:$Y$29,13,FALSE)) -> 3.49 | V57: =IF($H57="","",VLOOKUP($H57,Data!$C$6:$Y$29,14,FALSE)) -> 40 | W57: =IF($H57="","",VLOOKUP($H57,Data!$C$6:$Y$29,15,FALSE)) -> 220-240/1/50 | X57: =IF($H57="","",VLOOKUP($H57,Data!$C$6:$Y$29,16,FALSE)) -> 261 | Y57: =IF($H57="","",VLOOKUP($H57,Data!$C$6:$Y$29,17,FALSE)) -> 1200 | Z57: =IF($H57="","",VLOOKUP($H57,Data!$C$6:$Y$29,18,FALSE)) -> 448 | AA57: =IF($H57="","",VLOOKUP($H57,Data!$C$6:$Y$29,19,FALSE)) -> 753 | AB57: =IF($H57="","",VLOOKUP($H57,Data!$C$6:$Y$29,20,FALSE)) -> 855 | AC57: =IF($H57="","",VLOOKUP($H57,Data!$C$6:$Y$29,21,FALSE)) -> 328 | AD57: =IF($H57="","",VLOOKUP($H57,Data!$C$6:$Y$29,22,FALSE)) -> 26 | AE57: =IF($H57="","",VLOOKUP($H57,Data!$C$6:$Y$29,23,FALSE)) -> 47 | AG57: =IF($E57="","",IF($C57="DUCTED",VLOOKUP($E57,'DX-Data'!$D$5:$J$11,7,TRUE),IF($C57="DECORATIVE",VLOOKUP($E57,'DX-Data'!$D$19:$J$23,7,TRUE),IF($C57="PACKAGED",VLOOKUP($E57,'DX-Data'!$D$24:$J$30,7,TRUE),IF($C57="DUCTED-INV",VLOOKUP($E57,'DX-Data'!$D$12:$J$18,7,TRUE),"CHOOSE AC TYPE"))))) -> FDMRN20AVKU - RR20AVKU | AH57: =IF($F$9=TRUE,IF($C57="DUCTED",VLOOKUP($F57,'DX-Data'!$F$5:$J$11,5,TRUE),IF($C57="DECORATIVE",VLOOKUP($F57,'DX-Data'!$F$19:$J$23,5,TRUE),IF($C57="PACKAGED",VLOOKUP($F57,'DX-Data'!$F$24:$J$30,5,TRUE),IF($C57="DUCTED-INV",VLOOKUP($F57,'DX-Data'!$F$12:$J$18,5,TRUE),"CHOOSE AC TYPE")))),"NO SELECTION") -> FDMRN20AVKU - RR20AVKU | AI57: =IF($G$9=TRUE,IF($C57="DUCTED",VLOOKUP($G57,'DX-Data'!$H$5:$J$11,3,TRUE),IF($C57="DECORATIVE",VLOOKUP($G57,'DX-Data'!$H$19:$J$23,3,TRUE),IF($C57="PACKAGED",VLOOKUP($G57,'DX-Data'!$H$24:$J$30,3,TRUE),IF($C57="DUCTED-INV",VLOOKUP($G57,'DX-Data'!$H$12:$J$18,3,TRUE),"CHOOSE AC TYPE")))),"NO SELECTION") -> NO SELECTION | AJ57: =IF($E57="","",IF($C57="DUCTED",VLOOKUP($E57,'DX-Data'!$D$5:$J$11,6,TRUE),IF($C57="DECORATIVE",VLOOKUP($E57,'DX-Data'!$D$19:$J$23,6,TRUE),IF($C57="PACKAGED",VLOOKUP($E57,'DX-Data'!$D$24:$J$30,6,TRUE),IF($C57="DUCTED-INV",VLOOKUP($E57,'DX-Data'!$D$12:$J$18,6,TRUE),0))))) -> 1 | AK57: =IF($F$9=TRUE,IF($C57="DUCTED",VLOOKUP($F57,'DX-Data'!$F$5:$J$11,4,TRUE),IF($C57="DECORATIVE",VLOOKUP($F57,'DX-Data'!$F$19:$J$23,4,TRUE),IF($C57="PACKAGED",VLOOKUP($F57,'DX-Data'!$F$24:$J$30,4,TRUE),IF($C57="DUCTED-INV",VLOOKUP($F57,'DX-Data'!$F$12:$J$18,4,TRUE),"CHOOSE AC TYPE")))),0) -> 1 | AL57: =IF($G$9=TRUE,IF($C57="DUCTED",VLOOKUP($G57,'DX-Data'!$H$5:$J$11,2,TRUE),IF($C57="DECORATIVE",VLOOKUP($G57,'DX-Data'!$H$19:$J$23,2,TRUE),IF($C57="PACKAGED",VLOOKUP($G57,'DX-Data'!$H$24:$J$30,2,TRUE),IF($C57="DUCTED-INV",VLOOKUP($G57,'DX-Data'!$H$12:$J$18,2,TRUE),"CHOOSE AC TYPE")))),0) -> 0 | AM57: =MAX(AJ57:AL57) -> 1 | AN57: =IF(E57="","",VLOOKUP($AM57,'DX-Data'!$I$5:$J$31,2,FALSE)) -> FDMRN20AVKU - RR20AVKU | AO57: =IF(OR(AN57="",AN57=0),"",1) -> 1
B58: 2F-DS-11 | C58: DUCTED | D58: APT 11 | E58: 3.3 | F58: 2.7 | G58: 215 | H58: =AN58 -> FDMRN20AVKU - RR20AVKU | I58: =AO58 -> 1 | J58: =IF($H58="","",VLOOKUP($H58,Data!$C$6:$Y$29,2,FALSE)) -> 1.5 | K58: =IF($H58="","",VLOOKUP($H58,Data!$C$6:$Y$29,3,FALSE)) -> Non-Inverter | L58: =IF($H58="","",VLOOKUP($H58,Data!$C$6:$Y$29,4,FALSE)) -> R-410A | M58: =IF($H58="","",VLOOKUP($H58,Data!$C$6:$Y$29,5,FALSE)) -> 24/16 | N58: =IF($H58="","",VLOOKUP($H58,Data!$C$6:$Y$29,6,FALSE)) -> 46 | O58: =IF($H58="","",VLOOKUP($H58,Data!$C$6:$Y$29,7,FALSE)) -> 4.24 | P58: =IF($H58="","",VLOOKUP($H58,Data!$C$6:$Y$29,8,FALSE)) -> 4.11 | Q58: =IF($H58="","",VLOOKUP($H58,Data!$C$6:$Y$29,9,FALSE)) -> 255 | R58: =IF($H58="","",VLOOKUP($H58,Data!$C$6:$Y$29,10,FALSE)) -> MEDIUM | S58: =IF($H58="","",VLOOKUP($H58,Data!$C$6:$Y$29,11,FALSE)) -> 1.77 | T58: =IF($H58="","",VLOOKUP($H58,Data!$C$6:$Y$29,12,FALSE)) -> 1.8 | U58: =IF($H58="","",VLOOKUP($H58,Data!$C$6:$Y$29,13,FALSE)) -> 3.49 | V58: =IF($H58="","",VLOOKUP($H58,Data!$C$6:$Y$29,14,FALSE)) -> 40 | W58: =IF($H58="","",VLOOKUP($H58,Data!$C$6:$Y$29,15,FALSE)) -> 220-240/1/50 | X58: =IF($H58="","",VLOOKUP($H58,Data!$C$6:$Y$29,16,FALSE)) -> 261 | Y58: =IF($H58="","",VLOOKUP($H58,Data!$C$6:$Y$29,17,FALSE)) -> 1200 | Z58: =IF($H58="","",VLOOKUP($H58,Data!$C$6:$Y$29,18,FALSE)) -> 448 | AA58: =IF($H58="","",VLOOKUP($H58,Data!$C$6:$Y$29,19,FALSE)) -> 753 | AB58: =IF($H58="","",VLOOKUP($H58,Data!$C$6:$Y$29,20,FALSE)) -> 855 | AC58: =IF($H58="","",VLOOKUP($H58,Data!$C$6:$Y$29,21,FALSE)) -> 328 | AD58: =IF($H58="","",VLOOKUP($H58,Data!$C$6:$Y$29,22,FALSE)) -> 26 | AE58: =IF($H58="","",VLOOKUP($H58,Data!$C$6:$Y$29,23,FALSE)) -> 47 | AG58: =IF($E58="","",IF($C58="DUCTED",VLOOKUP($E58,'DX-Data'!$D$5:$J$11,7,TRUE),IF($C58="DECORATIVE",VLOOKUP($E58,'DX-Data'!$D$19:$J$23,7,TRUE),IF($C58="PACKAGED",VLOOKUP($E58,'DX-Data'!$D$24:$J$30,7,TRUE),IF($C58="DUCTED-INV",VLOOKUP($E58,'DX-Data'!$D$12:$J$18,7,TRUE),"CHOOSE AC TYPE"))))) -> FDMRN20AVKU - RR20AVKU | AH58: =IF($F$9=TRUE,IF($C58="DUCTED",VLOOKUP($F58,'DX-Data'!$F$5:$J$11,5,TRUE),IF($C58="DECORATIVE",VLOOKUP($F58,'DX-Data'!$F$19:$J$23,5,TRUE),IF($C58="PACKAGED",VLOOKUP($F58,'DX-Data'!$F$24:$J$30,5,TRUE),IF($C58="DUCTED-INV",VLOOKUP($F58,'DX-Data'!$F$12:$J$18,5,TRUE),"CHOOSE AC TYPE")))),"NO SELECTION") -> FDMRN20AVKU - RR20AVKU | AI58: =IF($G$9=TRUE,IF($C58="DUCTED",VLOOKUP($G58,'DX-Data'!$H$5:$J$11,3,TRUE),IF($C58="DECORATIVE",VLOOKUP($G58,'DX-Data'!$H$19:$J$23,3,TRUE),IF($C58="PACKAGED",VLOOKUP($G58,'DX-Data'!$H$24:$J$30,3,TRUE),IF($C58="DUCTED-INV",VLOOKUP($G58,'DX-Data'!$H$12:$J$18,3,TRUE),"CHOOSE AC TYPE")))),"NO SELECTION") -> NO SELECTION | AJ58: =IF($E58="","",IF($C58="DUCTED",VLOOKUP($E58,'DX-Data'!$D$5:$J$11,6,TRUE),IF($C58="DECORATIVE",VLOOKUP($E58,'DX-Data'!$D$19:$J$23,6,TRUE),IF($C58="PACKAGED",VLOOKUP($E58,'DX-Data'!$D$24:$J$30,6,TRUE),IF($C58="DUCTED-INV",VLOOKUP($E58,'DX-Data'!$D$12:$J$18,6,TRUE),0))))) -> 1 | AK58: =IF($F$9=TRUE,IF($C58="DUCTED",VLOOKUP($F58,'DX-Data'!$F$5:$J$11,4,TRUE),IF($C58="DECORATIVE",VLOOKUP($F58,'DX-Data'!$F$19:$J$23,4,TRUE),IF($C58="PACKAGED",VLOOKUP($F58,'DX-Data'!$F$24:$J$30,4,TRUE),IF($C58="DUCTED-INV",VLOOKUP($F58,'DX-Data'!$F$12:$J$18,4,TRUE),"CHOOSE AC TYPE")))),0) -> 1 | AL58: =IF($G$9=TRUE,IF($C58="DUCTED",VLOOKUP($G58,'DX-Data'!$H$5:$J$11,2,TRUE),IF($C58="DECORATIVE",VLOOKUP($G58,'DX-Data'!$H$19:$J$23,2,TRUE),IF($C58="PACKAGED",VLOOKUP($G58,'DX-Data'!$H$24:$J$30,2,TRUE),IF($C58="DUCTED-INV",VLOOKUP($G58,'DX-Data'!$H$12:$J$18,2,TRUE),"CHOOSE AC TYPE")))),0) -> 0 | AM58: =MAX(AJ58:AL58) -> 1 | AN58: =IF(E58="","",VLOOKUP($AM58,'DX-Data'!$I$5:$J$31,2,FALSE)) -> FDMRN20AVKU - RR20AVKU | AO58: =IF(OR(AN58="",AN58=0),"",1) -> 1
B59: 2F-DS-12 | C59: DUCTED | D59: APT 12 | E59: 3.3 | F59: 2.7 | G59: 215 | H59: =AN59 -> FDMRN20AVKU - RR20AVKU | I59: =AO59 -> 1 | J59: =IF($H59="","",VLOOKUP($H59,Data!$C$6:$Y$29,2,FALSE)) -> 1.5 | K59: =IF($H59="","",VLOOKUP($H59,Data!$C$6:$Y$29,3,FALSE)) -> Non-Inverter | L59: =IF($H59="","",VLOOKUP($H59,Data!$C$6:$Y$29,4,FALSE)) -> R-410A | M59: =IF($H59="","",VLOOKUP($H59,Data!$C$6:$Y$29,5,FALSE)) -> 24/16 | N59: =IF($H59="","",VLOOKUP($H59,Data!$C$6:$Y$29,6,FALSE)) -> 46 | O59: =IF($H59="","",VLOOKUP($H59,Data!$C$6:$Y$29,7,FALSE)) -> 4.24 | P59: =IF($H59="","",VLOOKUP($H59,Data!$C$6:$Y$29,8,FALSE)) -> 4.11 | Q59: =IF($H59="","",VLOOKUP($H59,Data!$C$6:$Y$29,9,FALSE)) -> 255 | R59: =IF($H59="","",VLOOKUP($H59,Data!$C$6:$Y$29,10,FALSE)) -> MEDIUM | S59: =IF($H59="","",VLOOKUP($H59,Data!$C$6:$Y$29,11,FALSE)) -> 1.77 | T59: =IF($H59="","",VLOOKUP($H59,Data!$C$6:$Y$29,12,FALSE)) -> 1.8 | U59: =IF($H59="","",VLOOKUP($H59,Data!$C$6:$Y$29,13,FALSE)) -> 3.49 | V59: =IF($H59="","",VLOOKUP($H59,Data!$C$6:$Y$29,14,FALSE)) -> 40 | W59: =IF($H59="","",VLOOKUP($H59,Data!$C$6:$Y$29,15,FALSE)) -> 220-240/1/50 | X59: =IF($H59="","",VLOOKUP($H59,Data!$C$6:$Y$29,16,FALSE)) -> 261 | Y59: =IF($H59="","",VLOOKUP($H59,Data!$C$6:$Y$29,17,FALSE)) -> 1200 | Z59: =IF($H59="","",VLOOKUP($H59,Data!$C$6:$Y$29,18,FALSE)) -> 448 | AA59: =IF($H59="","",VLOOKUP($H59,Data!$C$6:$Y$29,19,FALSE)) -> 753 | AB59: =IF($H59="","",VLOOKUP($H59,Data!$C$6:$Y$29,20,FALSE)) -> 855 | AC59: =IF($H59="","",VLOOKUP($H59,Data!$C$6:$Y$29,21,FALSE)) -> 328 | AD59: =IF($H59="","",VLOOKUP($H59,Data!$C$6:$Y$29,22,FALSE)) -> 26 | AE59: =IF($H59="","",VLOOKUP($H59,Data!$C$6:$Y$29,23,FALSE)) -> 47 | AG59: =IF($E59="","",IF($C59="DUCTED",VLOOKUP($E59,'DX-Data'!$D$5:$J$11,7,TRUE),IF($C59="DECORATIVE",VLOOKUP($E59,'DX-Data'!$D$19:$J$23,7,TRUE),IF($C59="PACKAGED",VLOOKUP($E59,'DX-Data'!$D$24:$J$30,7,TRUE),IF($C59="DUCTED-INV",VLOOKUP($E59,'DX-Data'!$D$12:$J$18,7,TRUE),"CHOOSE AC TYPE"))))) -> FDMRN20AVKU - RR20AVKU | AH59: =IF($F$9=TRUE,IF($C59="DUCTED",VLOOKUP($F59,'DX-Data'!$F$5:$J$11,5,TRUE),IF($C59="DECORATIVE",VLOOKUP($F59,'DX-Data'!$F$19:$J$23,5,TRUE),IF($C59="PACKAGED",VLOOKUP($F59,'DX-Data'!$F$24:$J$30,5,TRUE),IF($C59="DUCTED-INV",VLOOKUP($F59,'DX-Data'!$F$12:$J$18,5,TRUE),"CHOOSE AC TYPE")))),"NO SELECTION") -> FDMRN20AVKU - RR20AVKU | AI59: =IF($G$9=TRUE,IF($C59="DUCTED",VLOOKUP($G59,'DX-Data'!$H$5:$J$11,3,TRUE),IF($C59="DECORATIVE",VLOOKUP($G59,'DX-Data'!$H$19:$J$23,3,TRUE),IF($C59="PACKAGED",VLOOKUP($G59,'DX-Data'!$H$24:$J$30,3,TRUE),IF($C59="DUCTED-INV",VLOOKUP($G59,'DX-Data'!$H$12:$J$18,3,TRUE),"CHOOSE AC TYPE")))),"NO SELECTION") -> NO SELECTION | AJ59: =IF($E59="","",IF($C59="DUCTED",VLOOKUP($E59,'DX-Data'!$D$5:$J$11,6,TRUE),IF($C59="DECORATIVE",VLOOKUP($E59,'DX-Data'!$D$19:$J$23,6,TRUE),IF($C59="PACKAGED",VLOOKUP($E59,'DX-Data'!$D$24:$J$30,6,TRUE),IF($C59="DUCTED-INV",VLOOKUP($E59,'DX-Data'!$D$12:$J$18,6,TRUE),0))))) -> 1 | AK59: =IF($F$9=TRUE,IF($C59="DUCTED",VLOOKUP($F59,'DX-Data'!$F$5:$J$11,4,TRUE),IF($C59="DECORATIVE",VLOOKUP($F59,'DX-Data'!$F$19:$J$23,4,TRUE),IF($C59="PACKAGED",VLOOKUP($F59,'DX-Data'!$F$24:$J$30,4,TRUE),IF($C59="DUCTED-INV",VLOOKUP($F59,'DX-Data'!$F$12:$J$18,4,TRUE),"CHOOSE AC TYPE")))),0) -> 1 | AL59: =IF($G$9=TRUE,IF($C59="DUCTED",VLOOKUP($G59,'DX-Data'!$H$5:$J$11,2,TRUE),IF($C59="DECORATIVE",VLOOKUP($G59,'DX-Data'!$H$19:$J$23,2,TRUE),IF($C59="PACKAGED",VLOOKUP($G59,'DX-Data'!$H$24:$J$30,2,TRUE),IF($C59="DUCTED-INV",VLOOKUP($G59,'DX-Data'!$H$12:$J$18,2,TRUE),"CHOOSE AC TYPE")))),0) -> 0 | AM59: =MAX(AJ59:AL59) -> 1 | AN59: =IF(E59="","",VLOOKUP($AM59,'DX-Data'!$I$5:$J$31,2,FALSE)) -> FDMRN20AVKU - RR20AVKU | AO59: =IF(OR(AN59="",AN59=0),"",1) -> 1
... B65: 2F-DS-17B | C65: DUCTED | D65: APT 17 BEDROOM | E65: 3.1 | F65: 2.8 | G65: 235 | H65: =AN65 -> FDMRN20AVKU - RR20AVKU | I65: =AO65 -> 1 | J65: =IF($H65="","",VLOOKUP($H65,Data!$C$6:$Y$29,2,FALSE)) -> 1.5 | K65: =IF($H65="","",VLOOKUP($H65,Data!$C$6:$Y$29,3,FALSE)) -> Non-Inverter | L65: =IF($H65="","",VLOOKUP($H65,Data!$C$6:$Y$29,4,FALSE)) -> R-410A | M65: =IF($H65="","",VLOOKUP($H65,Data!$C$6:$Y$29,5,FALSE)) -> 24/16 | N65: =IF($H65="","",VLOOKUP($H65,Data!$C$6:$Y$29,6,FALSE)) -> 46 | O65: =IF($H65="","",VLOOKUP($H65,Data!$C$6:$Y$29,7,FALSE)) -> 4.24 | P65: =IF($H65="","",VLOOKUP($H65,Data!$C$6:$Y$29,8,FALSE)) -> 4.11 | Q65: =IF($H65="","",VLOOKUP($H65,Data!$C$6:$Y$29,9,FALSE)) -> 255 | R65: =IF($H65="","",VLOOKUP($H65,Data!$C$6:$Y$29,10,FALSE)) -> MEDIUM | S65: =IF($H65="","",VLOOKUP($H65,Data!$C$6:$Y$29,11,FALSE)) -> 1.77 | T65: =IF($H65="","",VLOOKUP($H65,Data!$C$6:$Y$29,12,FALSE)) -> 1.8 | U65: =IF($H65="","",VLOOKUP($H65,Data!$C$6:$Y$29,13,FALSE)) -> 3.49 | V65: =IF($H65="","",VLOOKUP($H65,Data!$C$6:$Y$29,14,FALSE)) -> 40 | W65: =IF($H65="","",VLOOKUP($H65,Data!$C$6:$Y$29,15,FALSE)) -> 220-240/1/50 | X65: =IF($H65="","",VLOOKUP($H65,Data!$C$6:$Y$29,16,FALSE)) -> 261 | Y65: =IF($H65="","",VLOOKUP($H65,Data!$C$6:$Y$29,17,FALSE)) -> 1200 | Z65: =IF($H65="","",VLOOKUP($H65,Data!$C$6:$Y$29,18,FALSE)) -> 448 | AA65: =IF($H65="","",VLOOKUP($H65,Data!$C$6:$Y$29,19,FALSE)) -> 753 | AB65: =IF($H65="","",VLOOKUP($H65,Data!$C$6:$Y$29,20,FALSE)) -> 855 | AC65: =IF($H65="","",VLOOKUP($H65,Data!$C$6:$Y$29,21,FALSE)) -> 328 | AD65: =IF($H65="","",VLOOKUP($H65,Data!$C$6:$Y$29,22,FALSE)) -> 26 | AE65: =IF($H65="","",VLOOKUP($H65,Data!$C$6:$Y$29,23,FALSE)) -> 47 | AG65: =IF($E65="","",IF($C65="DUCTED",VLOOKUP($E65,'DX-Data'!$D$5:$J$11,7,TRUE),IF($C65="DECORATIVE",VLOOKUP($E65,'DX-Data'!$D$19:$J$23,7,TRUE),IF($C65="PACKAGED",VLOOKUP($E65,'DX-Data'!$D$24:$J$30,7,TRUE),IF($C65="DUCTED-INV",VLOOKUP($E65,'DX-Data'!$D$12:$J$18,7,TRUE),"CHOOSE AC TYPE"))))) -> FDMRN20AVKU - RR20AVKU | AH65: =IF($F$9=TRUE,IF($C65="DUCTED",VLOOKUP($F65,'DX-Data'!$F$5:$J$11,5,TRUE),IF($C65="DECORATIVE",VLOOKUP($F65,'DX-Data'!$F$19:$J$23,5,TRUE),IF($C65="PACKAGED",VLOOKUP($F65,'DX-Data'!$F$24:$J$30,5,TRUE),IF($C65="DUCTED-INV",VLOOKUP($F65,'DX-Data'!$F$12:$J$18,5,TRUE),"CHOOSE AC TYPE")))),"NO SELECTION") -> FDMRN20AVKU - RR20AVKU | AI65: =IF($G$9=TRUE,IF($C65="DUCTED",VLOOKUP($G65,'DX-Data'!$H$5:$J$11,3,TRUE),IF($C65="DECORATIVE",VLOOKUP($G65,'DX-Data'!$H$19:$J$23,3,TRUE),IF($C65="PACKAGED",VLOOKUP($G65,'DX-Data'!$H$24:$J$30,3,TRUE),IF($C65="DUCTED-INV",VLOOKUP($G65,'DX-Data'!$H$12:$J$18,3,TRUE),"CHOOSE AC TYPE")))),"NO SELECTION") -> NO SELECTION | AJ65: =IF($E65="","",IF($C65="DUCTED",VLOOKUP($E65,'DX-Data'!$D$5:$J$11,6,TRUE),IF($C65="DECORATIVE",VLOOKUP($E65,'DX-Data'!$D$19:$J$23,6,TRUE),IF($C65="PACKAGED",VLOOKUP($E65,'DX-Data'!$D$24:$J$30,6,TRUE),IF($C65="DUCTED-INV",VLOOKUP($E65,'DX-Data'!$D$12:$J$18,6,TRUE),0))))) -> 1 | AK65: =IF($F$9=TRUE,IF($C65="DUCTED",VLOOKUP($F65,'DX-Data'!$F$5:$J$11,4,TRUE),IF($C65="DECORATIVE",VLOOKUP($F65,'DX-Data'!$F$19:$J$23,4,TRUE),IF($C65="PACKAGED",VLOOKUP($F65,'DX-Data'!$F$24:$J$30,4,TRUE),IF($C65="DUCTED-INV",VLOOKUP($F65,'DX-Data'!$F$12:$J$18,4,TRUE),"CHOOSE AC TYPE")))),0) -> 1 | AL65: =IF($G$9=TRUE,IF($C65="DUCTED",VLOOKUP($G65,'DX-Data'!$H$5:$J$11,2,TRUE),IF($C65="DECORATIVE",VLOOKUP($G65,'DX-Data'!$H$19:$J$23,2,TRUE),IF($C65="PACKAGED",VLOOKUP($G65,'DX-Data'!$H$24:$J$30,2,TRUE),IF($C65="DUCTED-INV",VLOOKUP($G65,'DX-Data'!$H$12:$J$18,2,TRUE),"CHOOSE AC TYPE")))),0) -> 0 | AM65: =MAX(AJ65:AL65) -> 1 | AN65: =IF(E65="","",VLOOKUP($AM65,'DX-Data'!$I$5:$J$31,2,FALSE)) -> FDMRN20AVKU - RR20AVKU | AO65: =IF(OR(AN65="",AN65=0),"",1) -> 1
B66: 2F-DS-18 | C66: DUCTED | D66: CORRIDOR | E66: 11.6 | F66: 9 | G66: 724 | H66: FDMRN30AVKU - RR30AVKU | I66: 2 | J66: =IF($H66="","",VLOOKUP($H66,Data!$C$6:$Y$29,2,FALSE)) -> 2.5 | K66: =IF($H66="","",VLOOKUP($H66,Data!$C$6:$Y$29,3,FALSE)) -> Non-Inverter | L66: =IF($H66="","",VLOOKUP($H66,Data!$C$6:$Y$29,4,FALSE)) -> R-410A | M66: =IF($H66="","",VLOOKUP($H66,Data!$C$6:$Y$29,5,FALSE)) -> 24/16 | N66: =IF($H66="","",VLOOKUP($H66,Data!$C$6:$Y$29,6,FALSE)) -> 46 | O66: =IF($H66="","",VLOOKUP($H66,Data!$C$6:$Y$29,7,FALSE)) -> 6.93 | P66: =IF($H66="","",VLOOKUP($H66,Data!$C$6:$Y$29,8,FALSE)) -> 6.3 | Q66: =IF($H66="","",VLOOKUP($H66,Data!$C$6:$Y$29,9,FALSE)) -> 374 | R66: =IF($H66="","",VLOOKUP($H66,Data!$C$6:$Y$29,10,FALSE)) -> MEDIUM | S66: =IF($H66="","",VLOOKUP($H66,Data!$C$6:$Y$29,11,FALSE)) -> 2.87 | T66: =IF($H66="","",VLOOKUP($H66,Data!$C$6:$Y$29,12,FALSE)) -> 3.05 | U66: =IF($H66="","",VLOOKUP($H66,Data!$C$6:$Y$29,13,FALSE)) -> 3.49 | V66: =IF($H66="","",VLOOKUP($H66,Data!$C$6:$Y$29,14,FALSE)) -> 40 | W66: =IF($H66="","",VLOOKUP($H66,Data!$C$6:$Y$29,15,FALSE)) -> 220-240/1/50 | X66: =IF($H66="","",VLOOKUP($H66,Data!$C$6:$Y$29,16,FALSE)) -> 378 | Y66: =IF($H66="","",VLOOKUP($H66,Data!$C$6:$Y$29,17,FALSE)) -> 1115 | Z66: =IF($H66="","",VLOOKUP($H66,Data!$C$6:$Y$29,18,FALSE)) -> 541 | AA66: =IF($H66="","",VLOOKUP($H66,Data!$C$6:$Y$29,19,FALSE)) -> 852 | AB66: =IF($H66="","",VLOOKUP($H66,Data!$C$6:$Y$29,20,FALSE)) -> 1030 | AC66: =IF($H66="","",VLOOKUP($H66,Data!$C$6:$Y$29,21,FALSE)) -> 400 | AD66: =IF($H66="","",VLOOKUP($H66,Data!$C$6:$Y$29,22,FALSE)) -> 44 | AE66: =IF($H66="","",VLOOKUP($H66,Data!$C$6:$Y$29,23,FALSE)) -> 75 | AG66: =IF($E66="","",IF($C66="DUCTED",VLOOKUP($E66,'DX-Data'!$D$5:$J$11,7,TRUE),IF($C66="DECORATIVE",VLOOKUP($E66,'DX-Data'!$D$19:$J$23,7,TRUE),IF($C66="PACKAGED",VLOOKUP($E66,'DX-Data'!$D$24:$J$30,7,TRUE),IF($C66="DUCTED-INV",VLOOKUP($E66,'DX-Data'!$D$12:$J$18,7,TRUE),"CHOOSE AC TYPE"))))) -> FDMRN60AVKU - RR60AYKU | AH66: =IF($F$9=TRUE,IF($C66="DUCTED",VLOOKUP($F66,'DX-Data'!$F$5:$J$11,5,TRUE),IF($C66="DECORATIVE",VLOOKUP($F66,'DX-Data'!$F$19:$J$23,5,TRUE),IF($C66="PACKAGED",VLOOKUP($F66,'DX-Data'!$F$24:$J$30,5,TRUE),IF($C66="DUCTED-INV",VLOOKUP($F66,'DX-Data'!$F$12:$J$18,5,TRUE),"CHOOSE AC TYPE")))),"NO SELECTION") -> FDMRN50AVKU - RR50AYKU | AI66: =IF($G$9=TRUE,IF($C66="DUCTED",VLOOKUP($G66,'DX-Data'!$H$5:$J$11,3,TRUE),IF($C66="DECORATIVE",VLOOKUP($G66,'DX-Data'!$H$19:$J$23,3,TRUE),IF($C66="PACKAGED",VLOOKUP($G66,'DX-Data'!$H$24:$J$30,3,TRUE),IF($C66="DUCTED-INV",VLOOKUP($G66,'DX-Data'!$H$12:$J$18,3,TRUE),"CHOOSE AC TYPE")))),"NO SELECTION") -> NO SELECTION | AJ66: =IF($E66="","",IF($C66="DUCTED",VLOOKUP($E66,'DX-Data'!$D$5:$J$11,6,TRUE),IF($C66="DECORATIVE",VLOOKUP($E66,'DX-Data'!$D$19:$J$23,6,TRUE),IF($C66="PACKAGED",VLOOKUP($E66,'DX-Data'!$D$24:$J$30,6,TRUE),IF($C66="DUCTED-INV",VLOOKUP($E66,'DX-Data'!$D$12:$J$18,6,TRUE),0))))) -> 6 | AK66: =IF($F$9=TRUE,IF($C66="DUCTED",VLOOKUP($F66,'DX-Data'!$F$5:$J$11,4,TRUE),IF($C66="DECORATIVE",VLOOKUP($F66,'DX-Data'!$F$19:$J$23,4,TRUE),IF($C66="PACKAGED",VLOOKUP($F66,'DX-Data'!$F$24:$J$30,4,TRUE),IF($C66="DUCTED-INV",VLOOKUP($F66,'DX-Data'!$F$12:$J$18,4,TRUE),"CHOOSE AC TYPE")))),0) -> 5 | AL66: =IF($G$9=TRUE,IF($C66="DUCTED",VLOOKUP($G66,'DX-Data'!$H$5:$J$11,2,TRUE),IF($C66="DECORATIVE",VLOOKUP($G66,'DX-Data'!$H$19:$J$23,2,TRUE),IF($C66="PACKAGED",VLOOKUP($G66,'DX-Data'!$H$24:$J$30,2,TRUE),IF($C66="DUCTED-INV",VLOOKUP($G66,'DX-Data'!$H$12:$J$18,2,TRUE),"CHOOSE AC TYPE")))),0) -> 0 | AM66: =MAX(AJ66:AL66) -> 6 | AN66: =IF(E66="","",VLOOKUP($AM66,'DX-Data'!$I$5:$J$31,2,FALSE)) -> FDMRN60AVKU - RR60AYKU | AO66: =IF(OR(AN66="",AN66=0),"",1) -> 1
B68: TP-DS-01 | C68: DUCTED | D68: APT 01 | E68: 8.1 | F68: 6.8 | G68: 566 | H68: =AN68 -> FDMRN36AVKU - RR36AVKU | I68: 2 | J68: =IF($H68="","",VLOOKUP($H68,Data!$C$6:$Y$29,2,FALSE)) -> 3 | K68: =IF($H68="","",VLOOKUP($H68,Data!$C$6:$Y$29,3,FALSE)) -> Non-Inverter | L68: =IF($H68="","",VLOOKUP($H68,Data!$C$6:$Y$29,4,FALSE)) -> R-410A | M68: =IF($H68="","",VLOOKUP($H68,Data!$C$6:$Y$29,5,FALSE)) -> 24/16 | N68: =IF($H68="","",VLOOKUP($H68,Data!$C$6:$Y$29,6,FALSE)) -> 46 | O68: =IF($H68="","",VLOOKUP($H68,Data!$C$6:$Y$29,7,FALSE)) -> 8.42 | P68: =IF($H68="","",VLOOKUP($H68,Data!$C$6:$Y$29,8,FALSE)) -> 8.18 | Q68: =IF($H68="","",VLOOKUP($H68,Data!$C$6:$Y$29,9,FALSE)) -> 650 | R68: =IF($H68="","",VLOOKUP($H68,Data!$C$6:$Y$29,10,FALSE)) -> MEDIUM | S68: =IF($H68="","",VLOOKUP($H68,Data!$C$6:$Y$29,11,FALSE)) -> 3.39 | T68: =IF($H68="","",VLOOKUP($H68,Data!$C$6:$Y$29,12,FALSE)) -> 3.55 | U68: =IF($H68="","",VLOOKUP($H68,Data!$C$6:$Y$29,13,FALSE)) -> 3.56 | V68: =IF($H68="","",VLOOKUP($H68,Data!$C$6:$Y$29,14,FALSE)) -> 50 | W68: =IF($H68="","",VLOOKUP($H68,Data!$C$6:$Y$29,15,FALSE)) -> 220-240/1/50 | X68: =IF($H68="","",VLOOKUP($H68,Data!$C$6:$Y$29,16,FALSE)) -> 378 | Y68: =IF($H68="","",VLOOKUP($H68,Data!$C$6:$Y$29,17,FALSE)) -> 1369 | Z68: =IF($H68="","",VLOOKUP($H68,Data!$C$6:$Y$29,18,FALSE)) -> 541 | AA68: =IF($H68="","",VLOOKUP($H68,Data!$C$6:$Y$29,19,FALSE)) -> 852 | AB68: =IF($H68="","",VLOOKUP($H68,Data!$C$6:$Y$29,20,FALSE)) -> 1030 | AC68: =IF($H68="","",VLOOKUP($H68,Data!$C$6:$Y$29,21,FALSE)) -> 400 | AD68: =IF($H68="","",VLOOKUP($H68,Data!$C$6:$Y$29,22,FALSE)) -> 50 | AE68: =IF($H68="","",VLOOKUP($H68,Data!$C$6:$Y$29,23,FALSE)) -> 92 | AG68: =IF($E68="","",IF($C68="DUCTED",VLOOKUP($E68,'DX-Data'!$D$5:$J$11,7,TRUE),IF($C68="DECORATIVE",VLOOKUP($E68,'DX-Data'!$D$19:$J$23,7,TRUE),IF($C68="PACKAGED",VLOOKUP($E68,'DX-Data'!$D$24:$J$30,7,TRUE),IF($C68="DUCTED-INV",VLOOKUP($E68,'DX-Data'!$D$12:$J$18,7,TRUE),"CHOOSE AC TYPE"))))) -> FDMRN36AVKU - RR36AVKU | AH68: =IF($F$9=TRUE,IF($C68="DUCTED",VLOOKUP($F68,'DX-Data'!$F$5:$J$11,5,TRUE),IF($C68="DECORATIVE",VLOOKUP($F68,'DX-Data'!$F$19:$J$23,5,TRUE),IF($C68="PACKAGED",VLOOKUP($F68,'DX-Data'!$F$24:$J$30,5,TRUE),IF($C68="DUCTED-INV",VLOOKUP($F68,'DX-Data'!$F$12:$J$18,5,TRUE),"CHOOSE AC TYPE")))),"NO SELECTION") -> FDMRN36AVKU - RR36AVKU | AI68: =IF($G$9=TRUE,IF($C68="DUCTED",VLOOKUP($G68,'DX-Data'!$H$5:$J$11,3,TRUE),IF($C68="DECORATIVE",VLOOKUP($G68,'DX-Data'!$H$19:$J$23,3,TRUE),IF($C68="PACKAGED",VLOOKUP($G68,'DX-Data'!$H$24:$J$30,3,TRUE),IF($C68="DUCTED-INV",VLOOKUP($G68,'DX-Data'!$H$12:$J$18,3,TRUE),"CHOOSE AC TYPE")))),"NO SELECTION") -> NO SELECTION | AJ68: =IF($E68="","",IF($C68="DUCTED",VLOOKUP($E68,'DX-Data'!$D$5:$J$11,6,TRUE),IF($C68="DECORATIVE",VLOOKUP($E68,'DX-Data'!$D$19:$J$23,6,TRUE),IF($C68="PACKAGED",VLOOKUP($E68,'DX-Data'!$D$24:$J$30,6,TRUE),IF($C68="DUCTED-INV",VLOOKUP($E68,'DX-Data'!$D$12:$J$18,6,TRUE),0))))) -> 4 | AK68: =IF($F$9=TRUE,IF($C68="DUCTED",VLOOKUP($F68,'DX-Data'!$F$5:$J$11,4,TRUE),IF($C68="DECORATIVE",VLOOKUP($F68,'DX-Data'!$F$19:$J$23,4,TRUE),IF($C68="PACKAGED",VLOOKUP($F68,'DX-Data'!$F$24:$J$30,4,TRUE),IF($C68="DUCTED-INV",VLOOKUP($F68,'DX-Data'!$F$12:$J$18,4,TRUE),"CHOOSE AC TYPE")))),0) -> 4 | AL68: =IF($G$9=TRUE,IF($C68="DUCTED",VLOOKUP($G68,'DX-Data'!$H$5:$J$11,2,TRUE),IF($C68="DECORATIVE",VLOOKUP($G68,'DX-Data'!$H$19:$J$23,2,TRUE),IF($C68="PACKAGED",VLOOKUP($G68,'DX-Data'!$H$24:$J$30,2,TRUE),IF($C68="DUCTED-INV",VLOOKUP($G68,'DX-Data'!$H$12:$J$18,2,TRUE),"CHOOSE AC TYPE")))),0) -> 0 | AM68: =MAX(AJ68:AL68) -> 4 | AN68: =IF(E68="","",VLOOKUP($AM68,'DX-Data'!$I$5:$J$31,2,FALSE)) -> FDMRN36AVKU - RR36AVKU | AO68: =IF(OR(AN68="",AN68=0),"",1) -> 1
B69: TP-DS-02 | C69: DUCTED | D69: APT 02 | E69: 7.1 | F69: 5.6 | G69: 458 | H69: =AN69 -> FDMRN36AVKU - RR36AVKU | I69: 2 | J69: =IF($H69="","",VLOOKUP($H69,Data!$C$6:$Y$29,2,FALSE)) -> 3 | K69: =IF($H69="","",VLOOKUP($H69,Data!$C$6:$Y$29,3,FALSE)) -> Non-Inverter | L69: =IF($H69="","",VLOOKUP($H69,Data!$C$6:$Y$29,4,FALSE)) -> R-410A | M69: =IF($H69="","",VLOOKUP($H69,Data!$C$6:$Y$29,5,FALSE)) -> 24/16 | N69: =IF($H69="","",VLOOKUP($H69,Data!$C$6:$Y$29,6,FALSE)) -> 46 | O69: =IF($H69="","",VLOOKUP($H69,Data!$C$6:$Y$29,7,FALSE)) -> 8.42 | P69: =IF($H69="","",VLOOKUP($H69,Data!$C$6:$Y$29,8,FALSE)) -> 8.18 | Q69: =IF($H69="","",VLOOKUP($H69,Data!$C$6:$Y$29,9,FALSE)) -> 650 | R69: =IF($H69="","",VLOOKUP($H69,Data!$C$6:$Y$29,10,FALSE)) -> MEDIUM | S69: =IF($H69="","",VLOOKUP($H69,Data!$C$6:$Y$29,11,FALSE)) -> 3.39 | T69: =IF($H69="","",VLOOKUP($H69,Data!$C$6:$Y$29,12,FALSE)) -> 3.55 | U69: =IF($H69="","",VLOOKUP($H69,Data!$C$6:$Y$29,13,FALSE)) -> 3.56 | V69: =IF($H69="","",VLOOKUP($H69,Data!$C$6:$Y$29,14,FALSE)) -> 50 | W69: =IF($H69="","",VLOOKUP($H69,Data!$C$6:$Y$29,15,FALSE)) -> 220-240/1/50 | X69: =IF($H69="","",VLOOKUP($H69,Data!$C$6:$Y$29,16,FALSE)) -> 378 | Y69: =IF($H69="","",VLOOKUP($H69,Data!$C$6:$Y$29,17,FALSE)) -> 1369 | Z69: =IF($H69="","",VLOOKUP($H69,Data!$C$6:$Y$29,18,FALSE)) -> 541 | AA69: =IF($H69="","",VLOOKUP($H69,Data!$C$6:$Y$29,19,FALSE)) -> 852 | AB69: =IF($H69="","",VLOOKUP($H69,Data!$C$6:$Y$29,20,FALSE)) -> 1030 | AC69: =IF($H69="","",VLOOKUP($H69,Data!$C$6:$Y$29,21,FALSE)) -> 400 | AD69: =IF($H69="","",VLOOKUP($H69,Data!$C$6:$Y$29,22,FALSE)) -> 50 | AE69: =IF($H69="","",VLOOKUP($H69,Data!$C$6:$Y$29,23,FALSE)) -> 92 | AG69: =IF($E69="","",IF($C69="DUCTED",VLOOKUP($E69,'DX-Data'!$D$5:$J$11,7,TRUE),IF($C69="DECORATIVE",VLOOKUP($E69,'DX-Data'!$D$19:$J$23,7,TRUE),IF($C69="PACKAGED",VLOOKUP($E69,'DX-Data'!$D$24:$J$30,7,TRUE),IF($C69="DUCTED-INV",VLOOKUP($E69,'DX-Data'!$D$12:$J$18,7,TRUE),"CHOOSE AC TYPE"))))) -> FDMRN36AVKU - RR36AVKU | AH69: =IF($F$9=TRUE,IF($C69="DUCTED",VLOOKUP($F69,'DX-Data'!$F$5:$J$11,5,TRUE),IF($C69="DECORATIVE",VLOOKUP($F69,'DX-Data'!$F$19:$J$23,5,TRUE),IF($C69="PACKAGED",VLOOKUP($F69,'DX-Data'!$F$24:$J$30,5,TRUE),IF($C69="DUCTED-INV",VLOOKUP($F69,'DX-Data'!$F$12:$J$18,5,TRUE),"CHOOSE AC TYPE")))),"NO SELECTION") -> FDMRN30AVKU - RR30AVKU | AI69: =IF($G$9=TRUE,IF($C69="DUCTED",VLOOKUP($G69,'DX-Data'!$H$5:$J$11,3,TRUE),IF($C69="DECORATIVE",VLOOKUP($G69,'DX-Data'!$H$19:$J$23,3,TRUE),IF($C69="PACKAGED",VLOOKUP($G69,'DX-Data'!$H$24:$J$30,3,TRUE),IF($C69="DUCTED-INV",VLOOKUP($G69,'DX-Data'!$H$12:$J$18,3,TRUE),"CHOOSE AC TYPE")))),"NO SELECTION") -> NO SELECTION | AJ69: =IF($E69="","",IF($C69="DUCTED",VLOOKUP($E69,'DX-Data'!$D$5:$J$11,6,TRUE),IF($C69="DECORATIVE",VLOOKUP($E69,'DX-Data'!$D$19:$J$23,6,TRUE),IF($C69="PACKAGED",VLOOKUP($E69,'DX-Data'!$D$24:$J$30,6,TRUE),IF($C69="DUCTED-INV",VLOOKUP($E69,'DX-Data'!$D$12:$J$18,6,TRUE),0))))) -> 4 | AK69: =IF($F$9=TRUE,IF($C69="DUCTED",VLOOKUP($F69,'DX-Data'!$F$5:$J$11,4,TRUE),IF($C69="DECORATIVE",VLOOKUP($F69,'DX-Data'!$F$19:$J$23,4,TRUE),IF($C69="PACKAGED",VLOOKUP($F69,'DX-Data'!$F$24:$J$30,4,TRUE),IF($C69="DUCTED-INV",VLOOKUP($F69,'DX-Data'!$F$12:$J$18,4,TRUE),"CHOOSE AC TYPE")))),0) -> 3 | AL69: =IF($G$9=TRUE,IF($C69="DUCTED",VLOOKUP($G69,'DX-Data'!$H$5:$J$11,2,TRUE),IF($C69="DECORATIVE",VLOOKUP($G69,'DX-Data'!$H$19:$J$23,2,TRUE),IF($C69="PACKAGED",VLOOKUP($G69,'DX-Data'!$H$24:$J$30,2,TRUE),IF($C69="DUCTED-INV",VLOOKUP($G69,'DX-Data'!$H$12:$J$18,2,TRUE),"CHOOSE AC TYPE")))),0) -> 0 | AM69: =MAX(AJ69:AL69) -> 4 | AN69: =IF(E69="","",VLOOKUP($AM69,'DX-Data'!$I$5:$J$31,2,FALSE)) -> FDMRN36AVKU - RR36AVKU | AO69: =IF(OR(AN69="",AN69=0),"",1) -> 1
B70: TP-DS-03 | C70: DUCTED | D70: APT 03 | E70: 3.2 | F70: 2.5 | G70: 204 | H70: =AN70 -> FDMRN20AVKU - RR20AVKU | I70: 2 | J70: =IF($H70="","",VLOOKUP($H70,Data!$C$6:$Y$29,2,FALSE)) -> 1.5 | K70: =IF($H70="","",VLOOKUP($H70,Data!$C$6:$Y$29,3,FALSE)) -> Non-Inverter | L70: =IF($H70="","",VLOOKUP($H70,Data!$C$6:$Y$29,4,FALSE)) -> R-410A | M70: =IF($H70="","",VLOOKUP($H70,Data!$C$6:$Y$29,5,FALSE)) -> 24/16 | N70: =IF($H70="","",VLOOKUP($H70,Data!$C$6:$Y$29,6,FALSE)) -> 46 | O70: =IF($H70="","",VLOOKUP($H70,Data!$C$6:$Y$29,7,FALSE)) -> 4.24 | P70: =IF($H70="","",VLOOKUP($H70,Data!$C$6:$Y$29,8,FALSE)) -> 4.11 | Q70: =IF($H70="","",VLOOKUP($H70,Data!$C$6:$Y$29,9,FALSE)) -> 255 | R70: =IF($H70="","",VLOOKUP($H70,Data!$C$6:$Y$29,10,FALSE)) -> MEDIUM | S70: =IF($H70="","",VLOOKUP($H70,Data!$C$6:$Y$29,11,FALSE)) -> 1.77 | T70: =IF($H70="","",VLOOKUP($H70,Data!$C$6:$Y$29,12,FALSE)) -> 1.8 | U70: =IF($H70="","",VLOOKUP($H70,Data!$C$6:$Y$29,13,FALSE)) -> 3.49 | V70: =IF($H70="","",VLOOKUP($H70,Data!$C$6:$Y$29,14,FALSE)) -> 40 | W70: =IF($H70="","",VLOOKUP($H70,Data!$C$6:$Y$29,15,FALSE)) -> 220-240/1/50 | X70: =IF($H70="","",VLOOKUP($H70,Data!$C$6:$Y$29,16,FALSE)) -> 261 | Y70: =IF($H70="","",VLOOKUP($H70,Data!$C$6:$Y$29,17,FALSE)) -> 1200 | Z70: =IF($H70="","",VLOOKUP($H70,Data!$C$6:$Y$29,18,FALSE)) -> 448 | AA70: =IF($H70="","",VLOOKUP($H70,Data!$C$6:$Y$29,19,FALSE)) -> 753 | AB70: =IF($H70="","",VLOOKUP($H70,Data!$C$6:$Y$29,20,FALSE)) -> 855 | AC70: =IF($H70="","",VLOOKUP($H70,Data!$C$6:$Y$29,21,FALSE)) -> 328 | AD70: =IF($H70="","",VLOOKUP($H70,Data!$C$6:$Y$29,22,FALSE)) -> 26 | AE70: =IF($H70="","",VLOOKUP($H70,Data!$C$6:$Y$29,23,FALSE)) -> 47 | AG70: =IF($E70="","",IF($C70="DUCTED",VLOOKUP($E70,'DX-Data'!$D$5:$J$11,7,TRUE),IF($C70="DECORATIVE",VLOOKUP($E70,'DX-Data'!$D$19:$J$23,7,TRUE),IF($C70="PACKAGED",VLOOKUP($E70,'DX-Data'!$D$24:$J$30,7,TRUE),IF($C70="DUCTED-INV",VLOOKUP($E70,'DX-Data'!$D$12:$J$18,7,TRUE),"CHOOSE AC TYPE"))))) -> FDMRN20AVKU - RR20AVKU | AH70: =IF($F$9=TRUE,IF($C70="DUCTED",VLOOKUP($F70,'DX-Data'!$F$5:$J$11,5,TRUE),IF($C70="DECORATIVE",VLOOKUP($F70,'DX-Data'!$F$19:$J$23,5,TRUE),IF($C70="PACKAGED",VLOOKUP($F70,'DX-Data'!$F$24:$J$30,5,TRUE),IF($C70="DUCTED-INV",VLOOKUP($F70,'DX-Data'!$F$12:$J$18,5,TRUE),"CHOOSE AC TYPE")))),"NO SELECTION") -> FDMRN20AVKU - RR20AVKU | AI70: =IF($G$9=TRUE,IF($C70="DUCTED",VLOOKUP($G70,'DX-Data'!$H$5:$J$11,3,TRUE),IF($C70="DECORATIVE",VLOOKUP($G70,'DX-Data'!$H$19:$J$23,3,TRUE),IF($C70="PACKAGED",VLOOKUP($G70,'DX-Data'!$H$24:$J$30,3,TRUE),IF($C70="DUCTED-INV",VLOOKUP($G70,'DX-Data'!$H$12:$J$18,3,TRUE),"CHOOSE AC TYPE")))),"NO SELECTION") -> NO SELECTION | AJ70: =IF($E70="","",IF($C70="DUCTED",VLOOKUP($E70,'DX-Data'!$D$5:$J$11,6,TRUE),IF($C70="DECORATIVE",VLOOKUP($E70,'DX-Data'!$D$19:$J$23,6,TRUE),IF($C70="PACKAGED",VLOOKUP($E70,'DX-Data'!$D$24:$J$30,6,TRUE),IF($C70="DUCTED-INV",VLOOKUP($E70,'DX-Data'!$D$12:$J$18,6,TRUE),0))))) -> 1 | AK70: =IF($F$9=TRUE,IF($C70="DUCTED",VLOOKUP($F70,'DX-Data'!$F$5:$J$11,4,TRUE),IF($C70="DECORATIVE",VLOOKUP($F70,'DX-Data'!$F$19:$J$23,4,TRUE),IF($C70="PACKAGED",VLOOKUP($F70,'DX-Data'!$F$24:$J$30,4,TRUE),IF($C70="DUCTED-INV",VLOOKUP($F70,'DX-Data'!$F$12:$J$18,4,TRUE),"CHOOSE AC TYPE")))),0) -> 1 | AL70: =IF($G$9=TRUE,IF($C70="DUCTED",VLOOKUP($G70,'DX-Data'!$H$5:$J$11,2,TRUE),IF($C70="DECORATIVE",VLOOKUP($G70,'DX-Data'!$H$19:$J$23,2,TRUE),IF($C70="PACKAGED",VLOOKUP($G70,'DX-Data'!$H$24:$J$30,2,TRUE),IF($C70="DUCTED-INV",VLOOKUP($G70,'DX-Data'!$H$12:$J$18,2,TRUE),"CHOOSE AC TYPE")))),0) -> 0 | AM70: =MAX(AJ70:AL70) -> 1 | AN70: =IF(E70="","",VLOOKUP($AM70,'DX-Data'!$I$5:$J$31,2,FALSE)) -> FDMRN20AVKU - RR20AVKU | AO70: =IF(OR(AN70="",AN70=0),"",1) -> 1
B71: TP-DS-04 | C71: DUCTED | D71: APT 04 | E71: 3.2 | F71: 2.5 | G71: 204 | H71: =AN71 -> FDMRN20AVKU - RR20AVKU | I71: 2 | J71: =IF($H71="","",VLOOKUP($H71,Data!$C$6:$Y$29,2,FALSE)) -> 1.5 | K71: =IF($H71="","",VLOOKUP($H71,Data!$C$6:$Y$29,3,FALSE)) -> Non-Inverter | L71: =IF($H71="","",VLOOKUP($H71,Data!$C$6:$Y$29,4,FALSE)) -> R-410A | M71: =IF($H71="","",VLOOKUP($H71,Data!$C$6:$Y$29,5,FALSE)) -> 24/16 | N71: =IF($H71="","",VLOOKUP($H71,Data!$C$6:$Y$29,6,FALSE)) -> 46 | O71: =IF($H71="","",VLOOKUP($H71,Data!$C$6:$Y$29,7,FALSE)) -> 4.24 | P71: =IF($H71="","",VLOOKUP($H71,Data!$C$6:$Y$29,8,FALSE)) -> 4.11 | Q71: =IF($H71="","",VLOOKUP($H71,Data!$C$6:$Y$29,9,FALSE)) -> 255 | R71: =IF($H71="","",VLOOKUP($H71,Data!$C$6:$Y$29,10,FALSE)) -> MEDIUM | S71: =IF($H71="","",VLOOKUP($H71,Data!$C$6:$Y$29,11,FALSE)) -> 1.77 | T71: =IF($H71="","",VLOOKUP($H71,Data!$C$6:$Y$29,12,FALSE)) -> 1.8 | U71: =IF($H71="","",VLOOKUP($H71,Data!$C$6:$Y$29,13,FALSE)) -> 3.49 | V71: =IF($H71="","",VLOOKUP($H71,Data!$C$6:$Y$29,14,FALSE)) -> 40 | W71: =IF($H71="","",VLOOKUP($H71,Data!$C$6:$Y$29,15,FALSE)) -> 220-240/1/50 | X71: =IF($H71="","",VLOOKUP($H71,Data!$C$6:$Y$29,16,FALSE)) -> 261 | Y71: =IF($H71="","",VLOOKUP($H71,Data!$C$6:$Y$29,17,FALSE)) -> 1200 | Z71: =IF($H71="","",VLOOKUP($H71,Data!$C$6:$Y$29,18,FALSE)) -> 448 | AA71: =IF($H71="","",VLOOKUP($H71,Data!$C$6:$Y$29,19,FALSE)) -> 753 | AB71: =IF($H71="","",VLOOKUP($H71,Data!$C$6:$Y$29,20,FALSE)) -> 855 | AC71: =IF($H71="","",VLOOKUP($H71,Data!$C$6:$Y$29,21,FALSE)) -> 328 | AD71: =IF($H71="","",VLOOKUP($H71,Data!$C$6:$Y$29,22,FALSE)) -> 26 | AE71: =IF($H71="","",VLOOKUP($H71,Data!$C$6:$Y$29,23,FALSE)) -> 47 | AG71: =IF($E71="","",IF($C71="DUCTED",VLOOKUP($E71,'DX-Data'!$D$5:$J$11,7,TRUE),IF($C71="DECORATIVE",VLOOKUP($E71,'DX-Data'!$D$19:$J$23,7,TRUE),IF($C71="PACKAGED",VLOOKUP($E71,'DX-Data'!$D$24:$J$30,7,TRUE),IF($C71="DUCTED-INV",VLOOKUP($E71,'DX-Data'!$D$12:$J$18,7,TRUE),"CHOOSE AC TYPE"))))) -> FDMRN20AVKU - RR20AVKU | AH71: =IF($F$9=TRUE,IF($C71="DUCTED",VLOOKUP($F71,'DX-Data'!$F$5:$J$11,5,TRUE),IF($C71="DECORATIVE",VLOOKUP($F71,'DX-Data'!$F$19:$J$23,5,TRUE),IF($C71="PACKAGED",VLOOKUP($F71,'DX-Data'!$F$24:$J$30,5,TRUE),IF($C71="DUCTED-INV",VLOOKUP($F71,'DX-Data'!$F$12:$J$18,5,TRUE),"CHOOSE AC TYPE")))),"NO SELECTION") -> FDMRN20AVKU - RR20AVKU | AI71: =IF($G$9=TRUE,IF($C71="DUCTED",VLOOKUP($G71,'DX-Data'!$H$5:$J$11,3,TRUE),IF($C71="DECORATIVE",VLOOKUP($G71,'DX-Data'!$H$19:$J$23,3,TRUE),IF($C71="PACKAGED",VLOOKUP($G71,'DX-Data'!$H$24:$J$30,3,TRUE),IF($C71="DUCTED-INV",VLOOKUP($G71,'DX-Data'!$H$12:$J$18,3,TRUE),"CHOOSE AC TYPE")))),"NO SELECTION") -> NO SELECTION | AJ71: =IF($E71="","",IF($C71="DUCTED",VLOOKUP($E71,'DX-Data'!$D$5:$J$11,6,TRUE),IF($C71="DECORATIVE",VLOOKUP($E71,'DX-Data'!$D$19:$J$23,6,TRUE),IF($C71="PACKAGED",VLOOKUP($E71,'DX-Data'!$D$24:$J$30,6,TRUE),IF($C71="DUCTED-INV",VLOOKUP($E71,'DX-Data'!$D$12:$J$18,6,TRUE),0))))) -> 1 | AK71: =IF($F$9=TRUE,IF($C71="DUCTED",VLOOKUP($F71,'DX-Data'!$F$5:$J$11,4,TRUE),IF($C71="DECORATIVE",VLOOKUP($F71,'DX-Data'!$F$19:$J$23,4,TRUE),IF($C71="PACKAGED",VLOOKUP($F71,'DX-Data'!$F$24:$J$30,4,TRUE),IF($C71="DUCTED-INV",VLOOKUP($F71,'DX-Data'!$F$12:$J$18,4,TRUE),"CHOOSE AC TYPE")))),0) -> 1 | AL71: =IF($G$9=TRUE,IF($C71="DUCTED",VLOOKUP($G71,'DX-Data'!$H$5:$J$11,2,TRUE),IF($C71="DECORATIVE",VLOOKUP($G71,'DX-Data'!$H$19:$J$23,2,TRUE),IF($C71="PACKAGED",VLOOKUP($G71,'DX-Data'!$H$24:$J$30,2,TRUE),IF($C71="DUCTED-INV",VLOOKUP($G71,'DX-Data'!$H$12:$J$18,2,TRUE),"CHOOSE AC TYPE")))),0) -> 0 | AM71: =MAX(AJ71:AL71) -> 1 | AN71: =IF(E71="","",VLOOKUP($AM71,'DX-Data'!$I$5:$J$31,2,FALSE)) -> FDMRN20AVKU - RR20AVKU | AO71: =IF(OR(AN71="",AN71=0),"",1) -> 1
B72: TP-DS-05 | C72: DUCTED | D72: APT 05 | E72: 3.2 | F72: 2.5 | G72: 204 | H72: =AN72 -> FDMRN20AVKU - RR20AVKU | I72: 2 | J72: =IF($H72="","",VLOOKUP($H72,Data!$C$6:$Y$29,2,FALSE)) -> 1.5 | K72: =IF($H72="","",VLOOKUP($H72,Data!$C$6:$Y$29,3,FALSE)) -> Non-Inverter | L72: =IF($H72="","",VLOOKUP($H72,Data!$C$6:$Y$29,4,FALSE)) -> R-410A | M72: =IF($H72="","",VLOOKUP($H72,Data!$C$6:$Y$29,5,FALSE)) -> 24/16 | N72: =IF($H72="","",VLOOKUP($H72,Data!$C$6:$Y$29,6,FALSE)) -> 46 | O72: =IF($H72="","",VLOOKUP($H72,Data!$C$6:$Y$29,7,FALSE)) -> 4.24 | P72: =IF($H72="","",VLOOKUP($H72,Data!$C$6:$Y$29,8,FALSE)) -> 4.11 | Q72: =IF($H72="","",VLOOKUP($H72,Data!$C$6:$Y$29,9,FALSE)) -> 255 | R72: =IF($H72="","",VLOOKUP($H72,Data!$C$6:$Y$29,10,FALSE)) -> MEDIUM | S72: =IF($H72="","",VLOOKUP($H72,Data!$C$6:$Y$29,11,FALSE)) -> 1.77 | T72: =IF($H72="","",VLOOKUP($H72,Data!$C$6:$Y$29,12,FALSE)) -> 1.8 | U72: =IF($H72="","",VLOOKUP($H72,Data!$C$6:$Y$29,13,FALSE)) -> 3.49 | V72: =IF($H72="","",VLOOKUP($H72,Data!$C$6:$Y$29,14,FALSE)) -> 40 | W72: =IF($H72="","",VLOOKUP($H72,Data!$C$6:$Y$29,15,FALSE)) -> 220-240/1/50 | X72: =IF($H72="","",VLOOKUP($H72,Data!$C$6:$Y$29,16,FALSE)) -> 261 | Y72: =IF($H72="","",VLOOKUP($H72,Data!$C$6:$Y$29,17,FALSE)) -> 1200 | Z72: =IF($H72="","",VLOOKUP($H72,Data!$C$6:$Y$29,18,FALSE)) -> 448 | AA72: =IF($H72="","",VLOOKUP($H72,Data!$C$6:$Y$29,19,FALSE)) -> 753 | AB72: =IF($H72="","",VLOOKUP($H72,Data!$C$6:$Y$29,20,FALSE)) -> 855 | AC72: =IF($H72="","",VLOOKUP($H72,Data!$C$6:$Y$29,21,FALSE)) -> 328 | AD72: =IF($H72="","",VLOOKUP($H72,Data!$C$6:$Y$29,22,FALSE)) -> 26 | AE72: =IF($H72="","",VLOOKUP($H72,Data!$C$6:$Y$29,23,FALSE)) -> 47 | AG72: =IF($E72="","",IF($C72="DUCTED",VLOOKUP($E72,'DX-Data'!$D$5:$J$11,7,TRUE),IF($C72="DECORATIVE",VLOOKUP($E72,'DX-Data'!$D$19:$J$23,7,TRUE),IF($C72="PACKAGED",VLOOKUP($E72,'DX-Data'!$D$24:$J$30,7,TRUE),IF($C72="DUCTED-INV",VLOOKUP($E72,'DX-Data'!$D$12:$J$18,7,TRUE),"CHOOSE AC TYPE"))))) -> FDMRN20AVKU - RR20AVKU | AH72: =IF($F$9=TRUE,IF($C72="DUCTED",VLOOKUP($F72,'DX-Data'!$F$5:$J$11,5,TRUE),IF($C72="DECORATIVE",VLOOKUP($F72,'DX-Data'!$F$19:$J$23,5,TRUE),IF($C72="PACKAGED",VLOOKUP($F72,'DX-Data'!$F$24:$J$30,5,TRUE),IF($C72="DUCTED-INV",VLOOKUP($F72,'DX-Data'!$F$12:$J$18,5,TRUE),"CHOOSE AC TYPE")))),"NO SELECTION") -> FDMRN20AVKU - RR20AVKU | AI72: =IF($G$9=TRUE,IF($C72="DUCTED",VLOOKUP($G72,'DX-Data'!$H$5:$J$11,3,TRUE),IF($C72="DECORATIVE",VLOOKUP($G72,'DX-Data'!$H$19:$J$23,3,TRUE),IF($C72="PACKAGED",VLOOKUP($G72,'DX-Data'!$H$24:$J$30,3,TRUE),IF($C72="DUCTED-INV",VLOOKUP($G72,'DX-Data'!$H$12:$J$18,3,TRUE),"CHOOSE AC TYPE")))),"NO SELECTION") -> NO SELECTION | AJ72: =IF($E72="","",IF($C72="DUCTED",VLOOKUP($E72,'DX-Data'!$D$5:$J$11,6,TRUE),IF($C72="DECORATIVE",VLOOKUP($E72,'DX-Data'!$D$19:$J$23,6,TRUE),IF($C72="PACKAGED",VLOOKUP($E72,'DX-Data'!$D$24:$J$30,6,TRUE),IF($C72="DUCTED-INV",VLOOKUP($E72,'DX-Data'!$D$12:$J$18,6,TRUE),0))))) -> 1 | AK72: =IF($F$9=TRUE,IF($C72="DUCTED",VLOOKUP($F72,'DX-Data'!$F$5:$J$11,4,TRUE),IF($C72="DECORATIVE",VLOOKUP($F72,'DX-Data'!$F$19:$J$23,4,TRUE),IF($C72="PACKAGED",VLOOKUP($F72,'DX-Data'!$F$24:$J$30,4,TRUE),IF($C72="DUCTED-INV",VLOOKUP($F72,'DX-Data'!$F$12:$J$18,4,TRUE),"CHOOSE AC TYPE")))),0) -> 1 | AL72: =IF($G$9=TRUE,IF($C72="DUCTED",VLOOKUP($G72,'DX-Data'!$H$5:$J$11,2,TRUE),IF($C72="DECORATIVE",VLOOKUP($G72,'DX-Data'!$H$19:$J$23,2,TRUE),IF($C72="PACKAGED",VLOOKUP($G72,'DX-Data'!$H$24:$J$30,2,TRUE),IF($C72="DUCTED-INV",VLOOKUP($G72,'DX-Data'!$H$12:$J$18,2,TRUE),"CHOOSE AC TYPE")))),0) -> 0 | AM72: =MAX(AJ72:AL72) -> 1 | AN72: =IF(E72="","",VLOOKUP($AM72,'DX-Data'!$I$5:$J$31,2,FALSE)) -> FDMRN20AVKU - RR20AVKU | AO72: =IF(OR(AN72="",AN72=0),"",1) -> 1
B73: TP-DS-06 | C73: DUCTED | D73: APT 06 | E73: 7.5 | F73: 6 | G73: 491 | H73: =AN73 -> FDMRN36AVKU - RR36AVKU | I73: 2 | J73: =IF($H73="","",VLOOKUP($H73,Data!$C$6:$Y$29,2,FALSE)) -> 3 | K73: =IF($H73="","",VLOOKUP($H73,Data!$C$6:$Y$29,3,FALSE)) -> Non-Inverter | L73: =IF($H73="","",VLOOKUP($H73,Data!$C$6:$Y$29,4,FALSE)) -> R-410A | M73: =IF($H73="","",VLOOKUP($H73,Data!$C$6:$Y$29,5,FALSE)) -> 24/16 | N73: =IF($H73="","",VLOOKUP($H73,Data!$C$6:$Y$29,6,FALSE)) -> 46 | O73: =IF($H73="","",VLOOKUP($H73,Data!$C$6:$Y$29,7,FALSE)) -> 8.42 | P73: =IF($H73="","",VLOOKUP($H73,Data!$C$6:$Y$29,8,FALSE)) -> 8.18 | Q73: =IF($H73="","",VLOOKUP($H73,Data!$C$6:$Y$29,9,FALSE)) -> 650 | R73: =IF($H73="","",VLOOKUP($H73,Data!$C$6:$Y$29,10,FALSE)) -> MEDIUM | S73: =IF($H73="","",VLOOKUP($H73,Data!$C$6:$Y$29,11,FALSE)) -> 3.39 | T73: =IF($H73="","",VLOOKUP($H73,Data!$C$6:$Y$29,12,FALSE)) -> 3.55 | U73: =IF($H73="","",VLOOKUP($H73,Data!$C$6:$Y$29,13,FALSE)) -> 3.56 | V73: =IF($H73="","",VLOOKUP($H73,Data!$C$6:$Y$29,14,FALSE)) -> 50 | W73: =IF($H73="","",VLOOKUP($H73,Data!$C$6:$Y$29,15,FALSE)) -> 220-240/1/50 | X73: =IF($H73="","",VLOOKUP($H73,Data!$C$6:$Y$29,16,FALSE)) -> 378 | Y73: =IF($H73="","",VLOOKUP($H73,Data!$C$6:$Y$29,17,FALSE)) -> 1369 | Z73: =IF($H73="","",VLOOKUP($H73,Data!$C$6:$Y$29,18,FALSE)) -> 541 | AA73: =IF($H73="","",VLOOKUP($H73,Data!$C$6:$Y$29,19,FALSE)) -> 852 | AB73: =IF($H73="","",VLOOKUP($H73,Data!$C$6:$Y$29,20,FALSE)) -> 1030 | AC73: =IF($H73="","",VLOOKUP($H73,Data!$C$6:$Y$29,21,FALSE)) -> 400 | AD73: =IF($H73="","",VLOOKUP($H73,Data!$C$6:$Y$29,22,FALSE)) -> 50 | AE73: =IF($H73="","",VLOOKUP($H73,Data!$C$6:$Y$29,23,FALSE)) -> 92 | AG73: =IF($E73="","",IF($C73="DUCTED",VLOOKUP($E73,'DX-Data'!$D$5:$J$11,7,TRUE),IF($C73="DECORATIVE",VLOOKUP($E73,'DX-Data'!$D$19:$J$23,7,TRUE),IF($C73="PACKAGED",VLOOKUP($E73,'DX-Data'!$D$24:$J$30,7,TRUE),IF($C73="DUCTED-INV",VLOOKUP($E73,'DX-Data'!$D$12:$J$18,7,TRUE),"CHOOSE AC TYPE"))))) -> FDMRN36AVKU - RR36AVKU | AH73: =IF($F$9=TRUE,IF($C73="DUCTED",VLOOKUP($F73,'DX-Data'!$F$5:$J$11,5,TRUE),IF($C73="DECORATIVE",VLOOKUP($F73,'DX-Data'!$F$19:$J$23,5,TRUE),IF($C73="PACKAGED",VLOOKUP($F73,'DX-Data'!$F$24:$J$30,5,TRUE),IF($C73="DUCTED-INV",VLOOKUP($F73,'DX-Data'!$F$12:$J$18,5,TRUE),"CHOOSE AC TYPE")))),"NO SELECTION") -> FDMRN30AVKU - RR30AVKU | AI73: =IF($G$9=TRUE,IF($C73="DUCTED",VLOOKUP($G73,'DX-Data'!$H$5:$J$11,3,TRUE),IF($C73="DECORATIVE",VLOOKUP($G73,'DX-Data'!$H$19:$J$23,3,TRUE),IF($C73="PACKAGED",VLOOKUP($G73,'DX-Data'!$H$24:$J$30,3,TRUE),IF($C73="DUCTED-INV",VLOOKUP($G73,'DX-Data'!$H$12:$J$18,3,TRUE),"CHOOSE AC TYPE")))),"NO SELECTION") -> NO SELECTION | AJ73: =IF($E73="","",IF($C73="DUCTED",VLOOKUP($E73,'DX-Data'!$D$5:$J$11,6,TRUE),IF($C73="DECORATIVE",VLOOKUP($E73,'DX-Data'!$D$19:$J$23,6,TRUE),IF($C73="PACKAGED",VLOOKUP($E73,'DX-Data'!$D$24:$J$30,6,TRUE),IF($C73="DUCTED-INV",VLOOKUP($E73,'DX-Data'!$D$12:$J$18,6,TRUE),0))))) -> 4 | AK73: =IF($F$9=TRUE,IF($C73="DUCTED",VLOOKUP($F73,'DX-Data'!$F$5:$J$11,4,TRUE),IF($C73="DECORATIVE",VLOOKUP($F73,'DX-Data'!$F$19:$J$23,4,TRUE),IF($C73="PACKAGED",VLOOKUP($F73,'DX-Data'!$F$24:$J$30,4,TRUE),IF($C73="DUCTED-INV",VLOOKUP($F73,'DX-Data'!$F$12:$J$18,4,TRUE),"CHOOSE AC TYPE")))),0) -> 3 | AL73: =IF($G$9=TRUE,IF($C73="DUCTED",VLOOKUP($G73,'DX-Data'!$H$5:$J$11,2,TRUE),IF($C73="DECORATIVE",VLOOKUP($G73,'DX-Data'!$H$19:$J$23,2,TRUE),IF($C73="PACKAGED",VLOOKUP($G73,'DX-Data'!$H$24:$J$30,2,TRUE),IF($C73="DUCTED-INV",VLOOKUP($G73,'DX-Data'!$H$12:$J$18,2,TRUE),"CHOOSE AC TYPE")))),0) -> 0 | AM73: =MAX(AJ73:AL73) -> 4 | AN73: =IF(E73="","",VLOOKUP($AM73,'DX-Data'!$I$5:$J$31,2,FALSE)) -> FDMRN36AVKU - RR36AVKU | AO73: =IF(OR(AN73="",AN73=0),"",1) -> 1
B74: TP-DS-07 | C74: DUCTED | D74: APT 07 | E74: 4.8 | F74: 4.1 | G74: 343 | H74: =AN74 -> FDMRN25AVKU - RR25AVKU | I74: 2 | J74: =IF($H74="","",VLOOKUP($H74,Data!$C$6:$Y$29,2,FALSE)) -> 2 | K74: =IF($H74="","",VLOOKUP($H74,Data!$C$6:$Y$29,3,FALSE)) -> Non-Inverter | L74: =IF($H74="","",VLOOKUP($H74,Data!$C$6:$Y$29,4,FALSE)) -> R-410A | M74: =IF($H74="","",VLOOKUP($H74,Data!$C$6:$Y$29,5,FALSE)) -> 24/16 | N74: =IF($H74="","",VLOOKUP($H74,Data!$C$6:$Y$29,6,FALSE)) -> 46 | O74: =IF($H74="","",VLOOKUP($H74,Data!$C$6:$Y$29,7,FALSE)) -> 5.48 | P74: =IF($H74="","",VLOOKUP($H74,Data!$C$6:$Y$29,8,FALSE)) -> 5.05 | Q74: =IF($H74="","",VLOOKUP($H74,Data!$C$6:$Y$29,9,FALSE)) -> 303 | R74: =IF($H74="","",VLOOKUP($H74,Data!$C$6:$Y$29,10,FALSE)) -> MEDIUM | S74: =IF($H74="","",VLOOKUP($H74,Data!$C$6:$Y$29,11,FALSE)) -> 2.29 | T74: =IF($H74="","",VLOOKUP($H74,Data!$C$6:$Y$29,12,FALSE)) -> 2.35 | U74: =IF($H74="","",VLOOKUP($H74,Data!$C$6:$Y$29,13,FALSE)) -> 3.44 | V74: =IF($H74="","",VLOOKUP($H74,Data!$C$6:$Y$29,14,FALSE)) -> 40 | W74: =IF($H74="","",VLOOKUP($H74,Data!$C$6:$Y$29,15,FALSE)) -> 220-240/1/50 | X74: =IF($H74="","",VLOOKUP($H74,Data!$C$6:$Y$29,16,FALSE)) -> 378 | Y74: =IF($H74="","",VLOOKUP($H74,Data!$C$6:$Y$29,17,FALSE)) -> 1115 | Z74: =IF($H74="","",VLOOKUP($H74,Data!$C$6:$Y$29,18,FALSE)) -> 541 | AA74: =IF($H74="","",VLOOKUP($H74,Data!$C$6:$Y$29,19,FALSE)) -> 753 | AB74: =IF($H74="","",VLOOKUP($H74,Data!$C$6:$Y$29,20,FALSE)) -> 855 | AC74: =IF($H74="","",VLOOKUP($H74,Data!$C$6:$Y$29,21,FALSE)) -> 328 | AD74: =IF($H74="","",VLOOKUP($H74,Data!$C$6:$Y$29,22,FALSE)) -> 44 | AE74: =IF($H74="","",VLOOKUP($H74,Data!$C$6:$Y$29,23,FALSE)) -> 51 | AG74: =IF($E74="","",IF($C74="DUCTED",VLOOKUP($E74,'DX-Data'!$D$5:$J$11,7,TRUE),IF($C74="DECORATIVE",VLOOKUP($E74,'DX-Data'!$D$19:$J$23,7,TRUE),IF($C74="PACKAGED",VLOOKUP($E74,'DX-Data'!$D$24:$J$30,7,TRUE),IF($C74="DUCTED-INV",VLOOKUP($E74,'DX-Data'!$D$12:$J$18,7,TRUE),"CHOOSE AC TYPE"))))) -> FDMRN25AVKU - RR25AVKU | AH74: =IF($F$9=TRUE,IF($C74="DUCTED",VLOOKUP($F74,'DX-Data'!$F$5:$J$11,5,TRUE),IF($C74="DECORATIVE",VLOOKUP($F74,'DX-Data'!$F$19:$J$23,5,TRUE),IF($C74="PACKAGED",VLOOKUP($F74,'DX-Data'!$F$24:$J$30,5,TRUE),IF($C74="DUCTED-INV",VLOOKUP($F74,'DX-Data'!$F$12:$J$18,5,TRUE),"CHOOSE AC TYPE")))),"NO SELECTION") -> FDMRN20AVKU - RR20AVKU | AI74: =IF($G$9=TRUE,IF($C74="DUCTED",VLOOKUP($G74,'DX-Data'!$H$5:$J$11,3,TRUE),IF($C74="DECORATIVE",VLOOKUP($G74,'DX-Data'!$H$19:$J$23,3,TRUE),IF($C74="PACKAGED",VLOOKUP($G74,'DX-Data'!$H$24:$J$30,3,TRUE),IF($C74="DUCTED-INV",VLOOKUP($G74,'DX-Data'!$H$12:$J$18,3,TRUE),"CHOOSE AC TYPE")))),"NO SELECTION") -> NO SELECTION | AJ74: =IF($E74="","",IF($C74="DUCTED",VLOOKUP($E74,'DX-Data'!$D$5:$J$11,6,TRUE),IF($C74="DECORATIVE",VLOOKUP($E74,'DX-Data'!$D$19:$J$23,6,TRUE),IF($C74="PACKAGED",VLOOKUP($E74,'DX-Data'!$D$24:$J$30,6,TRUE),IF($C74="DUCTED-INV",VLOOKUP($E74,'DX-Data'!$D$12:$J$18,6,TRUE),0))))) -> 2 | AK74: =IF($F$9=TRUE,IF($C74="DUCTED",VLOOKUP($F74,'DX-Data'!$F$5:$J$11,4,TRUE),IF($C74="DECORATIVE",VLOOKUP($F74,'DX-Data'!$F$19:$J$23,4,TRUE),IF($C74="PACKAGED",VLOOKUP($F74,'DX-Data'!$F$24:$J$30,4,TRUE),IF($C74="DUCTED-INV",VLOOKUP($F74,'DX-Data'!$F$12:$J$18,4,TRUE),"CHOOSE AC TYPE")))),0) -> 1 | AL74: =IF($G$9=TRUE,IF($C74="DUCTED",VLOOKUP($G74,'DX-Data'!$H$5:$J$11,2,TRUE),IF($C74="DECORATIVE",VLOOKUP($G74,'DX-Data'!$H$19:$J$23,2,TRUE),IF($C74="PACKAGED",VLOOKUP($G74,'DX-Data'!$H$24:$J$30,2,TRUE),IF($C74="DUCTED-INV",VLOOKUP($G74,'DX-Data'!$H$12:$J$18,2,TRUE),"CHOOSE AC TYPE")))),0) -> 0 | AM74: =MAX(AJ74:AL74) -> 2 | AN74: =IF(E74="","",VLOOKUP($AM74,'DX-Data'!$I$5:$J$31,2,FALSE)) -> FDMRN25AVKU - RR25AVKU | AO74: =IF(OR(AN74="",AN74=0),"",1) -> 1
B75: TP-DS-08 | C75: DUCTED | D75: APT 08 | E75: 4.8 | F75: 4.1 | G75: 343 | H75: =AN75 -> FDMRN25AVKU - RR25AVKU | I75: 2 | J75: =IF($H75="","",VLOOKUP($H75,Data!$C$6:$Y$29,2,FALSE)) -> 2 | K75: =IF($H75="","",VLOOKUP($H75,Data!$C$6:$Y$29,3,FALSE)) -> Non-Inverter | L75: =IF($H75="","",VLOOKUP($H75,Data!$C$6:$Y$29,4,FALSE)) -> R-410A | M75: =IF($H75="","",VLOOKUP($H75,Data!$C$6:$Y$29,5,FALSE)) -> 24/16 | N75: =IF($H75="","",VLOOKUP($H75,Data!$C$6:$Y$29,6,FALSE)) -> 46 | O75: =IF($H75="","",VLOOKUP($H75,Data!$C$6:$Y$29,7,FALSE)) -> 5.48 | P75: =IF($H75="","",VLOOKUP($H75,Data!$C$6:$Y$29,8,FALSE)) -> 5.05 | Q75: =IF($H75="","",VLOOKUP($H75,Data!$C$6:$Y$29,9,FALSE)) -> 303 | R75: =IF($H75="","",VLOOKUP($H75,Data!$C$6:$Y$29,10,FALSE)) -> MEDIUM | S75: =IF($H75="","",VLOOKUP($H75,Data!$C$6:$Y$29,11,FALSE)) -> 2.29 | T75: =IF($H75="","",VLOOKUP($H75,Data!$C$6:$Y$29,12,FALSE)) -> 2.35 | U75: =IF($H75="","",VLOOKUP($H75,Data!$C$6:$Y$29,13,FALSE)) -> 3.44 | V75: =IF($H75="","",VLOOKUP($H75,Data!$C$6:$Y$29,14,FALSE)) -> 40 | W75: =IF($H75="","",VLOOKUP($H75,Data!$C$6:$Y$29,15,FALSE)) -> 220-240/1/50 | X75: =IF($H75="","",VLOOKUP($H75,Data!$C$6:$Y$29,16,FALSE)) -> 378 | Y75: =IF($H75="","",VLOOKUP($H75,Data!$C$6:$Y$29,17,FALSE)) -> 1115 | Z75: =IF($H75="","",VLOOKUP($H75,Data!$C$6:$Y$29,18,FALSE)) -> 541 | AA75: =IF($H75="","",VLOOKUP($H75,Data!$C$6:$Y$29,19,FALSE)) -> 753 | AB75: =IF($H75="","",VLOOKUP($H75,Data!$C$6:$Y$29,20,FALSE)) -> 855 | AC75: =IF($H75="","",VLOOKUP($H75,Data!$C$6:$Y$29,21,FALSE)) -> 328 | AD75: =IF($H75="","",VLOOKUP($H75,Data!$C$6:$Y$29,22,FALSE)) -> 44 | AE75: =IF($H75="","",VLOOKUP($H75,Data!$C$6:$Y$29,23,FALSE)) -> 51 | AG75: =IF($E75="","",IF($C75="DUCTED",VLOOKUP($E75,'DX-Data'!$D$5:$J$11,7,TRUE),IF($C75="DECORATIVE",VLOOKUP($E75,'DX-Data'!$D$19:$J$23,7,TRUE),IF($C75="PACKAGED",VLOOKUP($E75,'DX-Data'!$D$24:$J$30,7,TRUE),IF($C75="DUCTED-INV",VLOOKUP($E75,'DX-Data'!$D$12:$J$18,7,TRUE),"CHOOSE AC TYPE"))))) -> FDMRN25AVKU - RR25AVKU | AH75: =IF($F$9=TRUE,IF($C75="DUCTED",VLOOKUP($F75,'DX-Data'!$F$5:$J$11,5,TRUE),IF($C75="DECORATIVE",VLOOKUP($F75,'DX-Data'!$F$19:$J$23,5,TRUE),IF($C75="PACKAGED",VLOOKUP($F75,'DX-Data'!$F$24:$J$30,5,TRUE),IF($C75="DUCTED-INV",VLOOKUP($F75,'DX-Data'!$F$12:$J$18,5,TRUE),"CHOOSE AC TYPE")))),"NO SELECTION") -> FDMRN20AVKU - RR20AVKU | AI75: =IF($G$9=TRUE,IF($C75="DUCTED",VLOOKUP($G75,'DX-Data'!$H$5:$J$11,3,TRUE),IF($C75="DECORATIVE",VLOOKUP($G75,'DX-Data'!$H$19:$J$23,3,TRUE),IF($C75="PACKAGED",VLOOKUP($G75,'DX-Data'!$H$24:$J$30,3,TRUE),IF($C75="DUCTED-INV",VLOOKUP($G75,'DX-Data'!$H$12:$J$18,3,TRUE),"CHOOSE AC TYPE")))),"NO SELECTION") -> NO SELECTION | AJ75: =IF($E75="","",IF($C75="DUCTED",VLOOKUP($E75,'DX-Data'!$D$5:$J$11,6,TRUE),IF($C75="DECORATIVE",VLOOKUP($E75,'DX-Data'!$D$19:$J$23,6,TRUE),IF($C75="PACKAGED",VLOOKUP($E75,'DX-Data'!$D$24:$J$30,6,TRUE),IF($C75="DUCTED-INV",VLOOKUP($E75,'DX-Data'!$D$12:$J$18,6,TRUE),0))))) -> 2 | AK75: =IF($F$9=TRUE,IF($C75="DUCTED",VLOOKUP($F75,'DX-Data'!$F$5:$J$11,4,TRUE),IF($C75="DECORATIVE",VLOOKUP($F75,'DX-Data'!$F$19:$J$23,4,TRUE),IF($C75="PACKAGED",VLOOKUP($F75,'DX-Data'!$F$24:$J$30,4,TRUE),IF($C75="DUCTED-INV",VLOOKUP($F75,'DX-Data'!$F$12:$J$18,4,TRUE),"CHOOSE AC TYPE")))),0) -> 1 | AL75: =IF($G$9=TRUE,IF($C75="DUCTED",VLOOKUP($G75,'DX-Data'!$H$5:$J$11,2,TRUE),IF($C75="DECORATIVE",VLOOKUP($G75,'DX-Data'!$H$19:$J$23,2,TRUE),IF($C75="PACKAGED",VLOOKUP($G75,'DX-Data'!$H$24:$J$30,2,TRUE),IF($C75="DUCTED-INV",VLOOKUP($G75,'DX-Data'!$H$12:$J$18,2,TRUE),"CHOOSE AC TYPE")))),0) -> 0 | AM75: =MAX(AJ75:AL75) -> 2 | AN75: =IF(E75="","",VLOOKUP($AM75,'DX-Data'!$I$5:$J$31,2,FALSE)) -> FDMRN25AVKU - RR25AVKU | AO75: =IF(OR(AN75="",AN75=0),"",1) -> 1
B76: TP-DS-09 | C76: DUCTED | D76: APT 09 | E76: 4.8 | F76: 4.1 | G76: 343 | H76: =AN76 -> FDMRN25AVKU - RR25AVKU | I76: 2 | J76: =IF($H76="","",VLOOKUP($H76,Data!$C$6:$Y$29,2,FALSE)) -> 2 | K76: =IF($H76="","",VLOOKUP($H76,Data!$C$6:$Y$29,3,FALSE)) -> Non-Inverter | L76: =IF($H76="","",VLOOKUP($H76,Data!$C$6:$Y$29,4,FALSE)) -> R-410A | M76: =IF($H76="","",VLOOKUP($H76,Data!$C$6:$Y$29,5,FALSE)) -> 24/16 | N76: =IF($H76="","",VLOOKUP($H76,Data!$C$6:$Y$29,6,FALSE)) -> 46 | O76: =IF($H76="","",VLOOKUP($H76,Data!$C$6:$Y$29,7,FALSE)) -> 5.48 | P76: =IF($H76="","",VLOOKUP($H76,Data!$C$6:$Y$29,8,FALSE)) -> 5.05 | Q76: =IF($H76="","",VLOOKUP($H76,Data!$C$6:$Y$29,9,FALSE)) -> 303 | R76: =IF($H76="","",VLOOKUP($H76,Data!$C$6:$Y$29,10,FALSE)) -> MEDIUM | S76: =IF($H76="","",VLOOKUP($H76,Data!$C$6:$Y$29,11,FALSE)) -> 2.29 | T76: =IF($H76="","",VLOOKUP($H76,Data!$C$6:$Y$29,12,FALSE)) -> 2.35 | U76: =IF($H76="","",VLOOKUP($H76,Data!$C$6:$Y$29,13,FALSE)) -> 3.44 | V76: =IF($H76="","",VLOOKUP($H76,Data!$C$6:$Y$29,14,FALSE)) -> 40 | W76: =IF($H76="","",VLOOKUP($H76,Data!$C$6:$Y$29,15,FALSE)) -> 220-240/1/50 | X76: =IF($H76="","",VLOOKUP($H76,Data!$C$6:$Y$29,16,FALSE)) -> 378 | Y76: =IF($H76="","",VLOOKUP($H76,Data!$C$6:$Y$29,17,FALSE)) -> 1115 | Z76: =IF($H76="","",VLOOKUP($H76,Data!$C$6:$Y$29,18,FALSE)) -> 541 | AA76: =IF($H76="","",VLOOKUP($H76,Data!$C$6:$Y$29,19,FALSE)) -> 753 | AB76: =IF($H76="","",VLOOKUP($H76,Data!$C$6:$Y$29,20,FALSE)) -> 855 | AC76: =IF($H76="","",VLOOKUP($H76,Data!$C$6:$Y$29,21,FALSE)) -> 328 | AD76: =IF($H76="","",VLOOKUP($H76,Data!$C$6:$Y$29,22,FALSE)) -> 44 | AE76: =IF($H76="","",VLOOKUP($H76,Data!$C$6:$Y$29,23,FALSE)) -> 51 | AG76: =IF($E76="","",IF($C76="DUCTED",VLOOKUP($E76,'DX-Data'!$D$5:$J$11,7,TRUE),IF($C76="DECORATIVE",VLOOKUP($E76,'DX-Data'!$D$19:$J$23,7,TRUE),IF($C76="PACKAGED",VLOOKUP($E76,'DX-Data'!$D$24:$J$30,7,TRUE),IF($C76="DUCTED-INV",VLOOKUP($E76,'DX-Data'!$D$12:$J$18,7,TRUE),"CHOOSE AC TYPE"))))) -> FDMRN25AVKU - RR25AVKU | AH76: =IF($F$9=TRUE,IF($C76="DUCTED",VLOOKUP($F76,'DX-Data'!$F$5:$J$11,5,TRUE),IF($C76="DECORATIVE",VLOOKUP($F76,'DX-Data'!$F$19:$J$23,5,TRUE),IF($C76="PACKAGED",VLOOKUP($F76,'DX-Data'!$F$24:$J$30,5,TRUE),IF($C76="DUCTED-INV",VLOOKUP($F76,'DX-Data'!$F$12:$J$18,5,TRUE),"CHOOSE AC TYPE")))),"NO SELECTION") -> FDMRN20AVKU - RR20AVKU | AI76: =IF($G$9=TRUE,IF($C76="DUCTED",VLOOKUP($G76,'DX-Data'!$H$5:$J$11,3,TRUE),IF($C76="DECORATIVE",VLOOKUP($G76,'DX-Data'!$H$19:$J$23,3,TRUE),IF($C76="PACKAGED",VLOOKUP($G76,'DX-Data'!$H$24:$J$30,3,TRUE),IF($C76="DUCTED-INV",VLOOKUP($G76,'DX-Data'!$H$12:$J$18,3,TRUE),"CHOOSE AC TYPE")))),"NO SELECTION") -> NO SELECTION | AJ76: =IF($E76="","",IF($C76="DUCTED",VLOOKUP($E76,'DX-Data'!$D$5:$J$11,6,TRUE),IF($C76="DECORATIVE",VLOOKUP($E76,'DX-Data'!$D$19:$J$23,6,TRUE),IF($C76="PACKAGED",VLOOKUP($E76,'DX-Data'!$D$24:$J$30,6,TRUE),IF($C76="DUCTED-INV",VLOOKUP($E76,'DX-Data'!$D$12:$J$18,6,TRUE),0))))) -> 2 | AK76: =IF($F$9=TRUE,IF($C76="DUCTED",VLOOKUP($F76,'DX-Data'!$F$5:$J$11,4,TRUE),IF($C76="DECORATIVE",VLOOKUP($F76,'DX-Data'!$F$19:$J$23,4,TRUE),IF($C76="PACKAGED",VLOOKUP($F76,'DX-Data'!$F$24:$J$30,4,TRUE),IF($C76="DUCTED-INV",VLOOKUP($F76,'DX-Data'!$F$12:$J$18,4,TRUE),"CHOOSE AC TYPE")))),0) -> 1 | AL76: =IF($G$9=TRUE,IF($C76="DUCTED",VLOOKUP($G76,'DX-Data'!$H$5:$J$11,2,TRUE),IF($C76="DECORATIVE",VLOOKUP($G76,'DX-Data'!$H$19:$J$23,2,TRUE),IF($C76="PACKAGED",VLOOKUP($G76,'DX-Data'!$H$24:$J$30,2,TRUE),IF($C76="DUCTED-INV",VLOOKUP($G76,'DX-Data'!$H$12:$J$18,2,TRUE),"CHOOSE AC TYPE")))),0) -> 0 | AM76: =MAX(AJ76:AL76) -> 2 | AN76: =IF(E76="","",VLOOKUP($AM76,'DX-Data'!$I$5:$J$31,2,FALSE)) -> FDMRN25AVKU - RR25AVKU | AO76: =IF(OR(AN76="",AN76=0),"",1) -> 1
B77: TP-DS-10 | C77: DUCTED | D77: APT 10 | E77: 4.8 | F77: 4.1 | G77: 343 | H77: =AN77 -> FDMRN25AVKU - RR25AVKU | I77: 2 | J77: =IF($H77="","",VLOOKUP($H77,Data!$C$6:$Y$29,2,FALSE)) -> 2 | K77: =IF($H77="","",VLOOKUP($H77,Data!$C$6:$Y$29,3,FALSE)) -> Non-Inverter | L77: =IF($H77="","",VLOOKUP($H77,Data!$C$6:$Y$29,4,FALSE)) -> R-410A | M77: =IF($H77="","",VLOOKUP($H77,Data!$C$6:$Y$29,5,FALSE)) -> 24/16 | N77: =IF($H77="","",VLOOKUP($H77,Data!$C$6:$Y$29,6,FALSE)) -> 46 | O77: =IF($H77="","",VLOOKUP($H77,Data!$C$6:$Y$29,7,FALSE)) -> 5.48 | P77: =IF($H77="","",VLOOKUP($H77,Data!$C$6:$Y$29,8,FALSE)) -> 5.05 | Q77: =IF($H77="","",VLOOKUP($H77,Data!$C$6:$Y$29,9,FALSE)) -> 303 | R77: =IF($H77="","",VLOOKUP($H77,Data!$C$6:$Y$29,10,FALSE)) -> MEDIUM | S77: =IF($H77="","",VLOOKUP($H77,Data!$C$6:$Y$29,11,FALSE)) -> 2.29 | T77: =IF($H77="","",VLOOKUP($H77,Data!$C$6:$Y$29,12,FALSE)) -> 2.35 | U77: =IF($H77="","",VLOOKUP($H77,Data!$C$6:$Y$29,13,FALSE)) -> 3.44 | V77: =IF($H77="","",VLOOKUP($H77,Data!$C$6:$Y$29,14,FALSE)) -> 40 | W77: =IF($H77="","",VLOOKUP($H77,Data!$C$6:$Y$29,15,FALSE)) -> 220-240/1/50 | X77: =IF($H77="","",VLOOKUP($H77,Data!$C$6:$Y$29,16,FALSE)) -> 378 | Y77: =IF($H77="","",VLOOKUP($H77,Data!$C$6:$Y$29,17,FALSE)) -> 1115 | Z77: =IF($H77="","",VLOOKUP($H77,Data!$C$6:$Y$29,18,FALSE)) -> 541 | AA77: =IF($H77="","",VLOOKUP($H77,Data!$C$6:$Y$29,19,FALSE)) -> 753 | AB77: =IF($H77="","",VLOOKUP($H77,Data!$C$6:$Y$29,20,FALSE)) -> 855 | AC77: =IF($H77="","",VLOOKUP($H77,Data!$C$6:$Y$29,21,FALSE)) -> 328 | AD77: =IF($H77="","",VLOOKUP($H77,Data!$C$6:$Y$29,22,FALSE)) -> 44 | AE77: =IF($H77="","",VLOOKUP($H77,Data!$C$6:$Y$29,23,FALSE)) -> 51 | AG77: =IF($E77="","",IF($C77="DUCTED",VLOOKUP($E77,'DX-Data'!$D$5:$J$11,7,TRUE),IF($C77="DECORATIVE",VLOOKUP($E77,'DX-Data'!$D$19:$J$23,7,TRUE),IF($C77="PACKAGED",VLOOKUP($E77,'DX-Data'!$D$24:$J$30,7,TRUE),IF($C77="DUCTED-INV",VLOOKUP($E77,'DX-Data'!$D$12:$J$18,7,TRUE),"CHOOSE AC TYPE"))))) -> FDMRN25AVKU - RR25AVKU | AH77: =IF($F$9=TRUE,IF($C77="DUCTED",VLOOKUP($F77,'DX-Data'!$F$5:$J$11,5,TRUE),IF($C77="DECORATIVE",VLOOKUP($F77,'DX-Data'!$F$19:$J$23,5,TRUE),IF($C77="PACKAGED",VLOOKUP($F77,'DX-Data'!$F$24:$J$30,5,TRUE),IF($C77="DUCTED-INV",VLOOKUP($F77,'DX-Data'!$F$12:$J$18,5,TRUE),"CHOOSE AC TYPE")))),"NO SELECTION") -> FDMRN20AVKU - RR20AVKU | AI77: =IF($G$9=TRUE,IF($C77="DUCTED",VLOOKUP($G77,'DX-Data'!$H$5:$J$11,3,TRUE),IF($C77="DECORATIVE",VLOOKUP($G77,'DX-Data'!$H$19:$J$23,3,TRUE),IF($C77="PACKAGED",VLOOKUP($G77,'DX-Data'!$H$24:$J$30,3,TRUE),IF($C77="DUCTED-INV",VLOOKUP($G77,'DX-Data'!$H$12:$J$18,3,TRUE),"CHOOSE AC TYPE")))),"NO SELECTION") -> NO SELECTION | AJ77: =IF($E77="","",IF($C77="DUCTED",VLOOKUP($E77,'DX-Data'!$D$5:$J$11,6,TRUE),IF($C77="DECORATIVE",VLOOKUP($E77,'DX-Data'!$D$19:$J$23,6,TRUE),IF($C77="PACKAGED",VLOOKUP($E77,'DX-Data'!$D$24:$J$30,6,TRUE),IF($C77="DUCTED-INV",VLOOKUP($E77,'DX-Data'!$D$12:$J$18,6,TRUE),0))))) -> 2 | AK77: =IF($F$9=TRUE,IF($C77="DUCTED",VLOOKUP($F77,'DX-Data'!$F$5:$J$11,4,TRUE),IF($C77="DECORATIVE",VLOOKUP($F77,'DX-Data'!$F$19:$J$23,4,TRUE),IF($C77="PACKAGED",VLOOKUP($F77,'DX-Data'!$F$24:$J$30,4,TRUE),IF($C77="DUCTED-INV",VLOOKUP($F77,'DX-Data'!$F$12:$J$18,4,TRUE),"CHOOSE AC TYPE")))),0) -> 1 | AL77: =IF($G$9=TRUE,IF($C77="DUCTED",VLOOKUP($G77,'DX-Data'!$H$5:$J$11,2,TRUE),IF($C77="DECORATIVE",VLOOKUP($G77,'DX-Data'!$H$19:$J$23,2,TRUE),IF($C77="PACKAGED",VLOOKUP($G77,'DX-Data'!$H$24:$J$30,2,TRUE),IF($C77="DUCTED-INV",VLOOKUP($G77,'DX-Data'!$H$12:$J$18,2,TRUE),"CHOOSE AC TYPE")))),0) -> 0 | AM77: =MAX(AJ77:AL77) -> 2 | AN77: =IF(E77="","",VLOOKUP($AM77,'DX-Data'!$I$5:$J$31,2,FALSE)) -> FDMRN25AVKU - RR25AVKU | AO77: =IF(OR(AN77="",AN77=0),"",1) -> 1
B78: TP-DS-11 | C78: DUCTED | D78: APT 11 | E78: 4.8 | F78: 4.1 | G78: 343 | H78: =AN78 -> FDMRN25AVKU - RR25AVKU | I78: 2 | J78: =IF($H78="","",VLOOKUP($H78,Data!$C$6:$Y$29,2,FALSE)) -> 2 | K78: =IF($H78="","",VLOOKUP($H78,Data!$C$6:$Y$29,3,FALSE)) -> Non-Inverter | L78: =IF($H78="","",VLOOKUP($H78,Data!$C$6:$Y$29,4,FALSE)) -> R-410A | M78: =IF($H78="","",VLOOKUP($H78,Data!$C$6:$Y$29,5,FALSE)) -> 24/16 | N78: =IF($H78="","",VLOOKUP($H78,Data!$C$6:$Y$29,6,FALSE)) -> 46 | O78: =IF($H78="","",VLOOKUP($H78,Data!$C$6:$Y$29,7,FALSE)) -> 5.48 | P78: =IF($H78="","",VLOOKUP($H78,Data!$C$6:$Y$29,8,FALSE)) -> 5.05 | Q78: =IF($H78="","",VLOOKUP($H78,Data!$C$6:$Y$29,9,FALSE)) -> 303 | R78: =IF($H78="","",VLOOKUP($H78,Data!$C$6:$Y$29,10,FALSE)) -> MEDIUM | S78: =IF($H78="","",VLOOKUP($H78,Data!$C$6:$Y$29,11,FALSE)) -> 2.29 | T78: =IF($H78="","",VLOOKUP($H78,Data!$C$6:$Y$29,12,FALSE)) -> 2.35 | U78: =IF($H78="","",VLOOKUP($H78,Data!$C$6:$Y$29,13,FALSE)) -> 3.44 | V78: =IF($H78="","",VLOOKUP($H78,Data!$C$6:$Y$29,14,FALSE)) -> 40 | W78: =IF($H78="","",VLOOKUP($H78,Data!$C$6:$Y$29,15,FALSE)) -> 220-240/1/50 | X78: =IF($H78="","",VLOOKUP($H78,Data!$C$6:$Y$29,16,FALSE)) -> 378 | Y78: =IF($H78="","",VLOOKUP($H78,Data!$C$6:$Y$29,17,FALSE)) -> 1115 | Z78: =IF($H78="","",VLOOKUP($H78,Data!$C$6:$Y$29,18,FALSE)) -> 541 | AA78: =IF($H78="","",VLOOKUP($H78,Data!$C$6:$Y$29,19,FALSE)) -> 753 | AB78: =IF($H78="","",VLOOKUP($H78,Data!$C$6:$Y$29,20,FALSE)) -> 855 | AC78: =IF($H78="","",VLOOKUP($H78,Data!$C$6:$Y$29,21,FALSE)) -> 328 | AD78: =IF($H78="","",VLOOKUP($H78,Data!$C$6:$Y$29,22,FALSE)) -> 44 | AE78: =IF($H78="","",VLOOKUP($H78,Data!$C$6:$Y$29,23,FALSE)) -> 51 | AG78: =IF($E78="","",IF($C78="DUCTED",VLOOKUP($E78,'DX-Data'!$D$5:$J$11,7,TRUE),IF($C78="DECORATIVE",VLOOKUP($E78,'DX-Data'!$D$19:$J$23,7,TRUE),IF($C78="PACKAGED",VLOOKUP($E78,'DX-Data'!$D$24:$J$30,7,TRUE),IF($C78="DUCTED-INV",VLOOKUP($E78,'DX-Data'!$D$12:$J$18,7,TRUE),"CHOOSE AC TYPE"))))) -> FDMRN25AVKU - RR25AVKU | AH78: =IF($F$9=TRUE,IF($C78="DUCTED",VLOOKUP($F78,'DX-Data'!$F$5:$J$11,5,TRUE),IF($C78="DECORATIVE",VLOOKUP($F78,'DX-Data'!$F$19:$J$23,5,TRUE),IF($C78="PACKAGED",VLOOKUP($F78,'DX-Data'!$F$24:$J$30,5,TRUE),IF($C78="DUCTED-INV",VLOOKUP($F78,'DX-Data'!$F$12:$J$18,5,TRUE),"CHOOSE AC TYPE")))),"NO SELECTION") -> FDMRN20AVKU - RR20AVKU | AI78: =IF($G$9=TRUE,IF($C78="DUCTED",VLOOKUP($G78,'DX-Data'!$H$5:$J$11,3,TRUE),IF($C78="DECORATIVE",VLOOKUP($G78,'DX-Data'!$H$19:$J$23,3,TRUE),IF($C78="PACKAGED",VLOOKUP($G78,'DX-Data'!$H$24:$J$30,3,TRUE),IF($C78="DUCTED-INV",VLOOKUP($G78,'DX-Data'!$H$12:$J$18,3,TRUE),"CHOOSE AC TYPE")))),"NO SELECTION") -> NO SELECTION | AJ78: =IF($E78="","",IF($C78="DUCTED",VLOOKUP($E78,'DX-Data'!$D$5:$J$11,6,TRUE),IF($C78="DECORATIVE",VLOOKUP($E78,'DX-Data'!$D$19:$J$23,6,TRUE),IF($C78="PACKAGED",VLOOKUP($E78,'DX-Data'!$D$24:$J$30,6,TRUE),IF($C78="DUCTED-INV",VLOOKUP($E78,'DX-Data'!$D$12:$J$18,6,TRUE),0))))) -> 2 | AK78: =IF($F$9=TRUE,IF($C78="DUCTED",VLOOKUP($F78,'DX-Data'!$F$5:$J$11,4,TRUE),IF($C78="DECORATIVE",VLOOKUP($F78,'DX-Data'!$F$19:$J$23,4,TRUE),IF($C78="PACKAGED",VLOOKUP($F78,'DX-Data'!$F$24:$J$30,4,TRUE),IF($C78="DUCTED-INV",VLOOKUP($F78,'DX-Data'!$F$12:$J$18,4,TRUE),"CHOOSE AC TYPE")))),0) -> 1 | AL78: =IF($G$9=TRUE,IF($C78="DUCTED",VLOOKUP($G78,'DX-Data'!$H$5:$J$11,2,TRUE),IF($C78="DECORATIVE",VLOOKUP($G78,'DX-Data'!$H$19:$J$23,2,TRUE),IF($C78="PACKAGED",VLOOKUP($G78,'DX-Data'!$H$24:$J$30,2,TRUE),IF($C78="DUCTED-INV",VLOOKUP($G78,'DX-Data'!$H$12:$J$18,2,TRUE),"CHOOSE AC TYPE")))),0) -> 0 | AM78: =MAX(AJ78:AL78) -> 2 | AN78: =IF(E78="","",VLOOKUP($AM78,'DX-Data'!$I$5:$J$31,2,FALSE)) -> FDMRN25AVKU - RR25AVKU | AO78: =IF(OR(AN78="",AN78=0),"",1) -> 1
B79: TP-DS-12 | C79: DUCTED | D79: APT 12 | E79: 4.8 | F79: 4.1 | G79: 343 | H79: =AN79 -> FDMRN25AVKU - RR25AVKU | I79: 2 | J79: =IF($H79="","",VLOOKUP($H79,Data!$C$6:$Y$29,2,FALSE)) -> 2 | K79: =IF($H79="","",VLOOKUP($H79,Data!$C$6:$Y$29,3,FALSE)) -> Non-Inverter | L79: =IF($H79="","",VLOOKUP($H79,Data!$C$6:$Y$29,4,FALSE)) -> R-410A | M79: =IF($H79="","",VLOOKUP($H79,Data!$C$6:$Y$29,5,FALSE)) -> 24/16 | N79: =IF($H79="","",VLOOKUP($H79,Data!$C$6:$Y$29,6,FALSE)) -> 46 | O79: =IF($H79="","",VLOOKUP($H79,Data!$C$6:$Y$29,7,FALSE)) -> 5.48 | P79: =IF($H79="","",VLOOKUP($H79,Data!$C$6:$Y$29,8,FALSE)) -> 5.05 | Q79: =IF($H79="","",VLOOKUP($H79,Data!$C$6:$Y$29,9,FALSE)) -> 303 | R79: =IF($H79="","",VLOOKUP($H79,Data!$C$6:$Y$29,10,FALSE)) -> MEDIUM | S79: =IF($H79="","",VLOOKUP($H79,Data!$C$6:$Y$29,11,FALSE)) -> 2.29 | T79: =IF($H79="","",VLOOKUP($H79,Data!$C$6:$Y$29,12,FALSE)) -> 2.35 | U79: =IF($H79="","",VLOOKUP($H79,Data!$C$6:$Y$29,13,FALSE)) -> 3.44 | V79: =IF($H79="","",VLOOKUP($H79,Data!$C$6:$Y$29,14,FALSE)) -> 40 | W79: =IF($H79="","",VLOOKUP($H79,Data!$C$6:$Y$29,15,FALSE)) -> 220-240/1/50 | X79: =IF($H79="","",VLOOKUP($H79,Data!$C$6:$Y$29,16,FALSE)) -> 378 | Y79: =IF($H79="","",VLOOKUP($H79,Data!$C$6:$Y$29,17,FALSE)) -> 1115 | Z79: =IF($H79="","",VLOOKUP($H79,Data!$C$6:$Y$29,18,FALSE)) -> 541 | AA79: =IF($H79="","",VLOOKUP($H79,Data!$C$6:$Y$29,19,FALSE)) -> 753 | AB79: =IF($H79="","",VLOOKUP($H79,Data!$C$6:$Y$29,20,FALSE)) -> 855 | AC79: =IF($H79="","",VLOOKUP($H79,Data!$C$6:$Y$29,21,FALSE)) -> 328 | AD79: =IF($H79="","",VLOOKUP($H79,Data!$C$6:$Y$29,22,FALSE)) -> 44 | AE79: =IF($H79="","",VLOOKUP($H79,Data!$C$6:$Y$29,23,FALSE)) -> 51 | AG79: =IF($E79="","",IF($C79="DUCTED",VLOOKUP($E79,'DX-Data'!$D$5:$J$11,7,TRUE),IF($C79="DECORATIVE",VLOOKUP($E79,'DX-Data'!$D$19:$J$23,7,TRUE),IF($C79="PACKAGED",VLOOKUP($E79,'DX-Data'!$D$24:$J$30,7,TRUE),IF($C79="DUCTED-INV",VLOOKUP($E79,'DX-Data'!$D$12:$J$18,7,TRUE),"CHOOSE AC TYPE"))))) -> FDMRN25AVKU - RR25AVKU | AH79: =IF($F$9=TRUE,IF($C79="DUCTED",VLOOKUP($F79,'DX-Data'!$F$5:$J$11,5,TRUE),IF($C79="DECORATIVE",VLOOKUP($F79,'DX-Data'!$F$19:$J$23,5,TRUE),IF($C79="PACKAGED",VLOOKUP($F79,'DX-Data'!$F$24:$J$30,5,TRUE),IF($C79="DUCTED-INV",VLOOKUP($F79,'DX-Data'!$F$12:$J$18,5,TRUE),"CHOOSE AC TYPE")))),"NO SELECTION") -> FDMRN20AVKU - RR20AVKU | AI79: =IF($G$9=TRUE,IF($C79="DUCTED",VLOOKUP($G79,'DX-Data'!$H$5:$J$11,3,TRUE),IF($C79="DECORATIVE",VLOOKUP($G79,'DX-Data'!$H$19:$J$23,3,TRUE),IF($C79="PACKAGED",VLOOKUP($G79,'DX-Data'!$H$24:$J$30,3,TRUE),IF($C79="DUCTED-INV",VLOOKUP($G79,'DX-Data'!$H$12:$J$18,3,TRUE),"CHOOSE AC TYPE")))),"NO SELECTION") -> NO SELECTION | AJ79: =IF($E79="","",IF($C79="DUCTED",VLOOKUP($E79,'DX-Data'!$D$5:$J$11,6,TRUE),IF($C79="DECORATIVE",VLOOKUP($E79,'DX-Data'!$D$19:$J$23,6,TRUE),IF($C79="PACKAGED",VLOOKUP($E79,'DX-Data'!$D$24:$J$30,6,TRUE),IF($C79="DUCTED-INV",VLOOKUP($E79,'DX-Data'!$D$12:$J$18,6,TRUE),0))))) -> 2 | AK79: =IF($F$9=TRUE,IF($C79="DUCTED",VLOOKUP($F79,'DX-Data'!$F$5:$J$11,4,TRUE),IF($C79="DECORATIVE",VLOOKUP($F79,'DX-Data'!$F$19:$J$23,4,TRUE),IF($C79="PACKAGED",VLOOKUP($F79,'DX-Data'!$F$24:$J$30,4,TRUE),IF($C79="DUCTED-INV",VLOOKUP($F79,'DX-Data'!$F$12:$J$18,4,TRUE),"CHOOSE AC TYPE")))),0) -> 1 | AL79: =IF($G$9=TRUE,IF($C79="DUCTED",VLOOKUP($G79,'DX-Data'!$H$5:$J$11,2,TRUE),IF($C79="DECORATIVE",VLOOKUP($G79,'DX-Data'!$H$19:$J$23,2,TRUE),IF($C79="PACKAGED",VLOOKUP($G79,'DX-Data'!$H$24:$J$30,2,TRUE),IF($C79="DUCTED-INV",VLOOKUP($G79,'DX-Data'!$H$12:$J$18,2,TRUE),"CHOOSE AC TYPE")))),0) -> 0 | AM79: =MAX(AJ79:AL79) -> 2 | AN79: =IF(E79="","",VLOOKUP($AM79,'DX-Data'!$I$5:$J$31,2,FALSE)) -> FDMRN25AVKU - RR25AVKU | AO79: =IF(OR(AN79="",AN79=0),"",1) -> 1
... B86: TP-DS-18B | C86: DUCTED | D86: APT 18 BEDROOM | E86: 3.1 | F86: 2.8 | G86: 235 | H86: =AN86 -> FDMRN20AVKU - RR20AVKU | I86: 2 | J86: =IF($H86="","",VLOOKUP($H86,Data!$C$6:$Y$29,2,FALSE)) -> 1.5 | K86: =IF($H86="","",VLOOKUP($H86,Data!$C$6:$Y$29,3,FALSE)) -> Non-Inverter | L86: =IF($H86="","",VLOOKUP($H86,Data!$C$6:$Y$29,4,FALSE)) -> R-410A | M86: =IF($H86="","",VLOOKUP($H86,Data!$C$6:$Y$29,5,FALSE)) -> 24/16 | N86: =IF($H86="","",VLOOKUP($H86,Data!$C$6:$Y$29,6,FALSE)) -> 46 | O86: =IF($H86="","",VLOOKUP($H86,Data!$C$6:$Y$29,7,FALSE)) -> 4.24 | P86: =IF($H86="","",VLOOKUP($H86,Data!$C$6:$Y$29,8,FALSE)) -> 4.11 | Q86: =IF($H86="","",VLOOKUP($H86,Data!$C$6:$Y$29,9,FALSE)) -> 255 | R86: =IF($H86="","",VLOOKUP($H86,Data!$C$6:$Y$29,10,FALSE)) -> MEDIUM | S86: =IF($H86="","",VLOOKUP($H86,Data!$C$6:$Y$29,11,FALSE)) -> 1.77 | T86: =IF($H86="","",VLOOKUP($H86,Data!$C$6:$Y$29,12,FALSE)) -> 1.8 | U86: =IF($H86="","",VLOOKUP($H86,Data!$C$6:$Y$29,13,FALSE)) -> 3.49 | V86: =IF($H86="","",VLOOKUP($H86,Data!$C$6:$Y$29,14,FALSE)) -> 40 | W86: =IF($H86="","",VLOOKUP($H86,Data!$C$6:$Y$29,15,FALSE)) -> 220-240/1/50 | X86: =IF($H86="","",VLOOKUP($H86,Data!$C$6:$Y$29,16,FALSE)) -> 261 | Y86: =IF($H86="","",VLOOKUP($H86,Data!$C$6:$Y$29,17,FALSE)) -> 1200 | Z86: =IF($H86="","",VLOOKUP($H86,Data!$C$6:$Y$29,18,FALSE)) -> 448 | AA86: =IF($H86="","",VLOOKUP($H86,Data!$C$6:$Y$29,19,FALSE)) -> 753 | AB86: =IF($H86="","",VLOOKUP($H86,Data!$C$6:$Y$29,20,FALSE)) -> 855 | AC86: =IF($H86="","",VLOOKUP($H86,Data!$C$6:$Y$29,21,FALSE)) -> 328 | AD86: =IF($H86="","",VLOOKUP($H86,Data!$C$6:$Y$29,22,FALSE)) -> 26 | AE86: =IF($H86="","",VLOOKUP($H86,Data!$C$6:$Y$29,23,FALSE)) -> 47 | AG86: =IF($E86="","",IF($C86="DUCTED",VLOOKUP($E86,'DX-Data'!$D$5:$J$11,7,TRUE),IF($C86="DECORATIVE",VLOOKUP($E86,'DX-Data'!$D$19:$J$23,7,TRUE),IF($C86="PACKAGED",VLOOKUP($E86,'DX-Data'!$D$24:$J$30,7,TRUE),IF($C86="DUCTED-INV",VLOOKUP($E86,'DX-Data'!$D$12:$J$18,7,TRUE),"CHOOSE AC TYPE"))))) -> FDMRN20AVKU - RR20AVKU | AH86: =IF($F$9=TRUE,IF($C86="DUCTED",VLOOKUP($F86,'DX-Data'!$F$5:$J$11,5,TRUE),IF($C86="DECORATIVE",VLOOKUP($F86,'DX-Data'!$F$19:$J$23,5,TRUE),IF($C86="PACKAGED",VLOOKUP($F86,'DX-Data'!$F$24:$J$30,5,TRUE),IF($C86="DUCTED-INV",VLOOKUP($F86,'DX-Data'!$F$12:$J$18,5,TRUE),"CHOOSE AC TYPE")))),"NO SELECTION") -> FDMRN20AVKU - RR20AVKU | AI86: =IF($G$9=TRUE,IF($C86="DUCTED",VLOOKUP($G86,'DX-Data'!$H$5:$J$11,3,TRUE),IF($C86="DECORATIVE",VLOOKUP($G86,'DX-Data'!$H$19:$J$23,3,TRUE),IF($C86="PACKAGED",VLOOKUP($G86,'DX-Data'!$H$24:$J$30,3,TRUE),IF($C86="DUCTED-INV",VLOOKUP($G86,'DX-Data'!$H$12:$J$18,3,TRUE),"CHOOSE AC TYPE")))),"NO SELECTION") -> NO SELECTION | AJ86: =IF($E86="","",IF($C86="DUCTED",VLOOKUP($E86,'DX-Data'!$D$5:$J$11,6,TRUE),IF($C86="DECORATIVE",VLOOKUP($E86,'DX-Data'!$D$19:$J$23,6,TRUE),IF($C86="PACKAGED",VLOOKUP($E86,'DX-Data'!$D$24:$J$30,6,TRUE),IF($C86="DUCTED-INV",VLOOKUP($E86,'DX-Data'!$D$12:$J$18,6,TRUE),0))))) -> 1 | AK86: =IF($F$9=TRUE,IF($C86="DUCTED",VLOOKUP($F86,'DX-Data'!$F$5:$J$11,4,TRUE),IF($C86="DECORATIVE",VLOOKUP($F86,'DX-Data'!$F$19:$J$23,4,TRUE),IF($C86="PACKAGED",VLOOKUP($F86,'DX-Data'!$F$24:$J$30,4,TRUE),IF($C86="DUCTED-INV",VLOOKUP($F86,'DX-Data'!$F$12:$J$18,4,TRUE),"CHOOSE AC TYPE")))),0) -> 1 | AL86: =IF($G$9=TRUE,IF($C86="DUCTED",VLOOKUP($G86,'DX-Data'!$H$5:$J$11,2,TRUE),IF($C86="DECORATIVE",VLOOKUP($G86,'DX-Data'!$H$19:$J$23,2,TRUE),IF($C86="PACKAGED",VLOOKUP($G86,'DX-Data'!$H$24:$J$30,2,TRUE),IF($C86="DUCTED-INV",VLOOKUP($G86,'DX-Data'!$H$12:$J$18,2,TRUE),"CHOOSE AC TYPE")))),0) -> 0 | AM86: =MAX(AJ86:AL86) -> 1 | AN86: =IF(E86="","",VLOOKUP($AM86,'DX-Data'!$I$5:$J$31,2,FALSE)) -> FDMRN20AVKU - RR20AVKU | AO86: =IF(OR(AN86="",AN86=0),"",1) -> 1
B87: TP-DS-19 | C87: DUCTED | D87: CORRIDOR | E87: 10.7 | F87: 8.1 | G87: 648 | H87: FDMRN30AVKU - RR30AVKU | I87: 4 | J87: =IF($H87="","",VLOOKUP($H87,Data!$C$6:$Y$29,2,FALSE)) -> 2.5 | K87: =IF($H87="","",VLOOKUP($H87,Data!$C$6:$Y$29,3,FALSE)) -> Non-Inverter | L87: =IF($H87="","",VLOOKUP($H87,Data!$C$6:$Y$29,4,FALSE)) -> R-410A | M87: =IF($H87="","",VLOOKUP($H87,Data!$C$6:$Y$29,5,FALSE)) -> 24/16 | N87: =IF($H87="","",VLOOKUP($H87,Data!$C$6:$Y$29,6,FALSE)) -> 46 | O87: =IF($H87="","",VLOOKUP($H87,Data!$C$6:$Y$29,7,FALSE)) -> 6.93 | P87: =IF($H87="","",VLOOKUP($H87,Data!$C$6:$Y$29,8,FALSE)) -> 6.3 | Q87: =IF($H87="","",VLOOKUP($H87,Data!$C$6:$Y$29,9,FALSE)) -> 374 | R87: =IF($H87="","",VLOOKUP($H87,Data!$C$6:$Y$29,10,FALSE)) -> MEDIUM | S87: =IF($H87="","",VLOOKUP($H87,Data!$C$6:$Y$29,11,FALSE)) -> 2.87 | T87: =IF($H87="","",VLOOKUP($H87,Data!$C$6:$Y$29,12,FALSE)) -> 3.05 | U87: =IF($H87="","",VLOOKUP($H87,Data!$C$6:$Y$29,13,FALSE)) -> 3.49 | V87: =IF($H87="","",VLOOKUP($H87,Data!$C$6:$Y$29,14,FALSE)) -> 40 | W87: =IF($H87="","",VLOOKUP($H87,Data!$C$6:$Y$29,15,FALSE)) -> 220-240/1/50 | X87: =IF($H87="","",VLOOKUP($H87,Data!$C$6:$Y$29,16,FALSE)) -> 378 | Y87: =IF($H87="","",VLOOKUP($H87,Data!$C$6:$Y$29,17,FALSE)) -> 1115 | Z87: =IF($H87="","",VLOOKUP($H87,Data!$C$6:$Y$29,18,FALSE)) -> 541 | AA87: =IF($H87="","",VLOOKUP($H87,Data!$C$6:$Y$29,19,FALSE)) -> 852 | AB87: =IF($H87="","",VLOOKUP($H87,Data!$C$6:$Y$29,20,FALSE)) -> 1030 | AC87: =IF($H87="","",VLOOKUP($H87,Data!$C$6:$Y$29,21,FALSE)) -> 400 | AD87: =IF($H87="","",VLOOKUP($H87,Data!$C$6:$Y$29,22,FALSE)) -> 44 | AE87: =IF($H87="","",VLOOKUP($H87,Data!$C$6:$Y$29,23,FALSE)) -> 75 | AG87: =IF($E87="","",IF($C87="DUCTED",VLOOKUP($E87,'DX-Data'!$D$5:$J$11,7,TRUE),IF($C87="DECORATIVE",VLOOKUP($E87,'DX-Data'!$D$19:$J$23,7,TRUE),IF($C87="PACKAGED",VLOOKUP($E87,'DX-Data'!$D$24:$J$30,7,TRUE),IF($C87="DUCTED-INV",VLOOKUP($E87,'DX-Data'!$D$12:$J$18,7,TRUE),"CHOOSE AC TYPE"))))) -> FDMRN50AVKU - RR50AYKU | AH87: =IF($F$9=TRUE,IF($C87="DUCTED",VLOOKUP($F87,'DX-Data'!$F$5:$J$11,5,TRUE),IF($C87="DECORATIVE",VLOOKUP($F87,'DX-Data'!$F$19:$J$23,5,TRUE),IF($C87="PACKAGED",VLOOKUP($F87,'DX-Data'!$F$24:$J$30,5,TRUE),IF($C87="DUCTED-INV",VLOOKUP($F87,'DX-Data'!$F$12:$J$18,5,TRUE),"CHOOSE AC TYPE")))),"NO SELECTION") -> FDMRN36AVKU - RR36AVKU | AI87: =IF($G$9=TRUE,IF($C87="DUCTED",VLOOKUP($G87,'DX-Data'!$H$5:$J$11,3,TRUE),IF($C87="DECORATIVE",VLOOKUP($G87,'DX-Data'!$H$19:$J$23,3,TRUE),IF($C87="PACKAGED",VLOOKUP($G87,'DX-Data'!$H$24:$J$30,3,TRUE),IF($C87="DUCTED-INV",VLOOKUP($G87,'DX-Data'!$H$12:$J$18,3,TRUE),"CHOOSE AC TYPE")))),"NO SELECTION") -> NO SELECTION | AJ87: =IF($E87="","",IF($C87="DUCTED",VLOOKUP($E87,'DX-Data'!$D$5:$J$11,6,TRUE),IF($C87="DECORATIVE",VLOOKUP($E87,'DX-Data'!$D$19:$J$23,6,TRUE),IF($C87="PACKAGED",VLOOKUP($E87,'DX-Data'!$D$24:$J$30,6,TRUE),IF($C87="DUCTED-INV",VLOOKUP($E87,'DX-Data'!$D$12:$J$18,6,TRUE),0))))) -> 5 | AK87: =IF($F$9=TRUE,IF($C87="DUCTED",VLOOKUP($F87,'DX-Data'!$F$5:$J$11,4,TRUE),IF($C87="DECORATIVE",VLOOKUP($F87,'DX-Data'!$F$19:$J$23,4,TRUE),IF($C87="PACKAGED",VLOOKUP($F87,'DX-Data'!$F$24:$J$30,4,TRUE),IF($C87="DUCTED-INV",VLOOKUP($F87,'DX-Data'!$F$12:$J$18,4,TRUE),"CHOOSE AC TYPE")))),0) -> 4 | AL87: =IF($G$9=TRUE,IF($C87="DUCTED",VLOOKUP($G87,'DX-Data'!$H$5:$J$11,2,TRUE),IF($C87="DECORATIVE",VLOOKUP($G87,'DX-Data'!$H$19:$J$23,2,TRUE),IF($C87="PACKAGED",VLOOKUP($G87,'DX-Data'!$H$24:$J$30,2,TRUE),IF($C87="DUCTED-INV",VLOOKUP($G87,'DX-Data'!$H$12:$J$18,2,TRUE),"CHOOSE AC TYPE")))),0) -> 0 | AM87: =MAX(AJ87:AL87) -> 5 | AN87: =IF(E87="","",VLOOKUP($AM87,'DX-Data'!$I$5:$J$31,2,FALSE)) -> FDMRN50AVKU - RR50AYKU | AO87: =IF(OR(AN87="",AN87=0),"",1) -> 1
B89: 5F-DS-01 | C89: DUCTED | D89: APT 01 | E89: 8.5 | F89: 7.2 | G89: 596 | H89: =AN89 -> FDMRN50AVKU - RR50AYKU | I89: =AO89 -> 1 | J89: =IF($H89="","",VLOOKUP($H89,Data!$C$6:$Y$29,2,FALSE)) -> 4 | K89: =IF($H89="","",VLOOKUP($H89,Data!$C$6:$Y$29,3,FALSE)) -> Non-Inverter | L89: =IF($H89="","",VLOOKUP($H89,Data!$C$6:$Y$29,4,FALSE)) -> R-410A | M89: =IF($H89="","",VLOOKUP($H89,Data!$C$6:$Y$29,5,FALSE)) -> 24/16 | N89: =IF($H89="","",VLOOKUP($H89,Data!$C$6:$Y$29,6,FALSE)) -> 46 | O89: =IF($H89="","",VLOOKUP($H89,Data!$C$6:$Y$29,7,FALSE)) -> 11.46 | P89: =IF($H89="","",VLOOKUP($H89,Data!$C$6:$Y$29,8,FALSE)) -> 9.96 | Q89: =IF($H89="","",VLOOKUP($H89,Data!$C$6:$Y$29,9,FALSE)) -> 686 | R89: =IF($H89="","",VLOOKUP($H89,Data!$C$6:$Y$29,10,FALSE)) -> MEDIUM | S89: =IF($H89="","",VLOOKUP($H89,Data!$C$6:$Y$29,11,FALSE)) -> 4.7 | T89: =IF($H89="","",VLOOKUP($H89,Data!$C$6:$Y$29,12,FALSE)) -> 4.95 | U89: =IF($H89="","",VLOOKUP($H89,Data!$C$6:$Y$29,13,FALSE)) -> 3.41 | V89: =IF($H89="","",VLOOKUP($H89,Data!$C$6:$Y$29,14,FALSE)) -> 50 | W89: =IF($H89="","",VLOOKUP($H89,Data!$C$6:$Y$29,15,FALSE)) -> 380-415/3/50 | X89: =IF($H89="","",VLOOKUP($H89,Data!$C$6:$Y$29,16,FALSE)) -> 378 | Y89: =IF($H89="","",VLOOKUP($H89,Data!$C$6:$Y$29,17,FALSE)) -> 1569 | Z89: =IF($H89="","",VLOOKUP($H89,Data!$C$6:$Y$29,18,FALSE)) -> 541 | AA89: =IF($H89="","",VLOOKUP($H89,Data!$C$6:$Y$29,19,FALSE)) -> 852 | AB89: =IF($H89="","",VLOOKUP($H89,Data!$C$6:$Y$29,20,FALSE)) -> 1030 | AC89: =IF($H89="","",VLOOKUP($H89,Data!$C$6:$Y$29,21,FALSE)) -> 400 | AD89: =IF($H89="","",VLOOKUP($H89,Data!$C$6:$Y$29,22,FALSE)) -> 56 | AE89: =IF($H89="","",VLOOKUP($H89,Data!$C$6:$Y$29,23,FALSE)) -> 87 | AG89: =IF($E89="","",IF($C89="DUCTED",VLOOKUP($E89,'DX-Data'!$D$5:$J$11,7,TRUE),IF($C89="DECORATIVE",VLOOKUP($E89,'DX-Data'!$D$19:$J$23,7,TRUE),IF($C89="PACKAGED",VLOOKUP($E89,'DX-Data'!$D$24:$J$30,7,TRUE),IF($C89="DUCTED-INV",VLOOKUP($E89,'DX-Data'!$D$12:$J$18,7,TRUE),"CHOOSE AC TYPE"))))) -> FDMRN50AVKU - RR50AYKU | AH89: =IF($F$9=TRUE,IF($C89="DUCTED",VLOOKUP($F89,'DX-Data'!$F$5:$J$11,5,TRUE),IF($C89="DECORATIVE",VLOOKUP($F89,'DX-Data'!$F$19:$J$23,5,TRUE),IF($C89="PACKAGED",VLOOKUP($F89,'DX-Data'!$F$24:$J$30,5,TRUE),IF($C89="DUCTED-INV",VLOOKUP($F89,'DX-Data'!$F$12:$J$18,5,TRUE),"CHOOSE AC TYPE")))),"NO SELECTION") -> FDMRN36AVKU - RR36AVKU | AI89: =IF($G$9=TRUE,IF($C89="DUCTED",VLOOKUP($G89,'DX-Data'!$H$5:$J$11,3,TRUE),IF($C89="DECORATIVE",VLOOKUP($G89,'DX-Data'!$H$19:$J$23,3,TRUE),IF($C89="PACKAGED",VLOOKUP($G89,'DX-Data'!$H$24:$J$30,3,TRUE),IF($C89="DUCTED-INV",VLOOKUP($G89,'DX-Data'!$H$12:$J$18,3,TRUE),"CHOOSE AC TYPE")))),"NO SELECTION") -> NO SELECTION | AJ89: =IF($E89="","",IF($C89="DUCTED",VLOOKUP($E89,'DX-Data'!$D$5:$J$11,6,TRUE),IF($C89="DECORATIVE",VLOOKUP($E89,'DX-Data'!$D$19:$J$23,6,TRUE),IF($C89="PACKAGED",VLOOKUP($E89,'DX-Data'!$D$24:$J$30,6,TRUE),IF($C89="DUCTED-INV",VLOOKUP($E89,'DX-Data'!$D$12:$J$18,6,TRUE),0))))) -> 5 | AK89: =IF($F$9=TRUE,IF($C89="DUCTED",VLOOKUP($F89,'DX-Data'!$F$5:$J$11,4,TRUE),IF($C89="DECORATIVE",VLOOKUP($F89,'DX-Data'!$F$19:$J$23,4,TRUE),IF($C89="PACKAGED",VLOOKUP($F89,'DX-Data'!$F$24:$J$30,4,TRUE),IF($C89="DUCTED-INV",VLOOKUP($F89,'DX-Data'!$F$12:$J$18,4,TRUE),"CHOOSE AC TYPE")))),0) -> 4 | AL89: =IF($G$9=TRUE,IF($C89="DUCTED",VLOOKUP($G89,'DX-Data'!$H$5:$J$11,2,TRUE),IF($C89="DECORATIVE",VLOOKUP($G89,'DX-Data'!$H$19:$J$23,2,TRUE),IF($C89="PACKAGED",VLOOKUP($G89,'DX-Data'!$H$24:$J$30,2,TRUE),IF($C89="DUCTED-INV",VLOOKUP($G89,'DX-Data'!$H$12:$J$18,2,TRUE),"CHOOSE AC TYPE")))),0) -> 0 | AM89: =MAX(AJ89:AL89) -> 5 | AN89: =IF(E89="","",VLOOKUP($AM89,'DX-Data'!$I$5:$J$31,2,FALSE)) -> FDMRN50AVKU - RR50AYKU | AO89: =IF(OR(AN89="",AN89=0),"",1) -> 1
B90: 5F-DS-02 | C90: DUCTED | D90: APT 02 | E90: 7.3 | F90: 5.8 | G90: 481 | H90: =AN90 -> FDMRN36AVKU - RR36AVKU | I90: =AO90 -> 1 | J90: =IF($H90="","",VLOOKUP($H90,Data!$C$6:$Y$29,2,FALSE)) -> 3 | K90: =IF($H90="","",VLOOKUP($H90,Data!$C$6:$Y$29,3,FALSE)) -> Non-Inverter | L90: =IF($H90="","",VLOOKUP($H90,Data!$C$6:$Y$29,4,FALSE)) -> R-410A | M90: =IF($H90="","",VLOOKUP($H90,Data!$C$6:$Y$29,5,FALSE)) -> 24/16 | N90: =IF($H90="","",VLOOKUP($H90,Data!$C$6:$Y$29,6,FALSE)) -> 46 | O90: =IF($H90="","",VLOOKUP($H90,Data!$C$6:$Y$29,7,FALSE)) -> 8.42 | P90: =IF($H90="","",VLOOKUP($H90,Data!$C$6:$Y$29,8,FALSE)) -> 8.18 | Q90: =IF($H90="","",VLOOKUP($H90,Data!$C$6:$Y$29,9,FALSE)) -> 650 | R90: =IF($H90="","",VLOOKUP($H90,Data!$C$6:$Y$29,10,FALSE)) -> MEDIUM | S90: =IF($H90="","",VLOOKUP($H90,Data!$C$6:$Y$29,11,FALSE)) -> 3.39 | T90: =IF($H90="","",VLOOKUP($H90,Data!$C$6:$Y$29,12,FALSE)) -> 3.55 | U90: =IF($H90="","",VLOOKUP($H90,Data!$C$6:$Y$29,13,FALSE)) -> 3.56 | V90: =IF($H90="","",VLOOKUP($H90,Data!$C$6:$Y$29,14,FALSE)) -> 50 | W90: =IF($H90="","",VLOOKUP($H90,Data!$C$6:$Y$29,15,FALSE)) -> 220-240/1/50 | X90: =IF($H90="","",VLOOKUP($H90,Data!$C$6:$Y$29,16,FALSE)) -> 378 | Y90: =IF($H90="","",VLOOKUP($H90,Data!$C$6:$Y$29,17,FALSE)) -> 1369 | Z90: =IF($H90="","",VLOOKUP($H90,Data!$C$6:$Y$29,18,FALSE)) -> 541 | AA90: =IF($H90="","",VLOOKUP($H90,Data!$C$6:$Y$29,19,FALSE)) -> 852 | AB90: =IF($H90="","",VLOOKUP($H90,Data!$C$6:$Y$29,20,FALSE)) -> 1030 | AC90: =IF($H90="","",VLOOKUP($H90,Data!$C$6:$Y$29,21,FALSE)) -> 400 | AD90: =IF($H90="","",VLOOKUP($H90,Data!$C$6:$Y$29,22,FALSE)) -> 50 | AE90: =IF($H90="","",VLOOKUP($H90,Data!$C$6:$Y$29,23,FALSE)) -> 92 | AG90: =IF($E90="","",IF($C90="DUCTED",VLOOKUP($E90,'DX-Data'!$D$5:$J$11,7,TRUE),IF($C90="DECORATIVE",VLOOKUP($E90,'DX-Data'!$D$19:$J$23,7,TRUE),IF($C90="PACKAGED",VLOOKUP($E90,'DX-Data'!$D$24:$J$30,7,TRUE),IF($C90="DUCTED-INV",VLOOKUP($E90,'DX-Data'!$D$12:$J$18,7,TRUE),"CHOOSE AC TYPE"))))) -> FDMRN36AVKU - RR36AVKU | AH90: =IF($F$9=TRUE,IF($C90="DUCTED",VLOOKUP($F90,'DX-Data'!$F$5:$J$11,5,TRUE),IF($C90="DECORATIVE",VLOOKUP($F90,'DX-Data'!$F$19:$J$23,5,TRUE),IF($C90="PACKAGED",VLOOKUP($F90,'DX-Data'!$F$24:$J$30,5,TRUE),IF($C90="DUCTED-INV",VLOOKUP($F90,'DX-Data'!$F$12:$J$18,5,TRUE),"CHOOSE AC TYPE")))),"NO SELECTION") -> FDMRN30AVKU - RR30AVKU | AI90: =IF($G$9=TRUE,IF($C90="DUCTED",VLOOKUP($G90,'DX-Data'!$H$5:$J$11,3,TRUE),IF($C90="DECORATIVE",VLOOKUP($G90,'DX-Data'!$H$19:$J$23,3,TRUE),IF($C90="PACKAGED",VLOOKUP($G90,'DX-Data'!$H$24:$J$30,3,TRUE),IF($C90="DUCTED-INV",VLOOKUP($G90,'DX-Data'!$H$12:$J$18,3,TRUE),"CHOOSE AC TYPE")))),"NO SELECTION") -> NO SELECTION | AJ90: =IF($E90="","",IF($C90="DUCTED",VLOOKUP($E90,'DX-Data'!$D$5:$J$11,6,TRUE),IF($C90="DECORATIVE",VLOOKUP($E90,'DX-Data'!$D$19:$J$23,6,TRUE),IF($C90="PACKAGED",VLOOKUP($E90,'DX-Data'!$D$24:$J$30,6,TRUE),IF($C90="DUCTED-INV",VLOOKUP($E90,'DX-Data'!$D$12:$J$18,6,TRUE),0))))) -> 4 | AK90: =IF($F$9=TRUE,IF($C90="DUCTED",VLOOKUP($F90,'DX-Data'!$F$5:$J$11,4,TRUE),IF($C90="DECORATIVE",VLOOKUP($F90,'DX-Data'!$F$19:$J$23,4,TRUE),IF($C90="PACKAGED",VLOOKUP($F90,'DX-Data'!$F$24:$J$30,4,TRUE),IF($C90="DUCTED-INV",VLOOKUP($F90,'DX-Data'!$F$12:$J$18,4,TRUE),"CHOOSE AC TYPE")))),0) -> 3 | AL90: =IF($G$9=TRUE,IF($C90="DUCTED",VLOOKUP($G90,'DX-Data'!$H$5:$J$11,2,TRUE),IF($C90="DECORATIVE",VLOOKUP($G90,'DX-Data'!$H$19:$J$23,2,TRUE),IF($C90="PACKAGED",VLOOKUP($G90,'DX-Data'!$H$24:$J$30,2,TRUE),IF($C90="DUCTED-INV",VLOOKUP($G90,'DX-Data'!$H$12:$J$18,2,TRUE),"CHOOSE AC TYPE")))),0) -> 0 | AM90: =MAX(AJ90:AL90) -> 4 | AN90: =IF(E90="","",VLOOKUP($AM90,'DX-Data'!$I$5:$J$31,2,FALSE)) -> FDMRN36AVKU - RR36AVKU | AO90: =IF(OR(AN90="",AN90=0),"",1) -> 1
B91: 5F-DS-03 | C91: DUCTED | D91: APT 03 | E91: 3.7 | F91: 3 | G91: 243 | H91: =AN91 -> FDMRN20AVKU - RR20AVKU | I91: =AO91 -> 1 | J91: =IF($H91="","",VLOOKUP($H91,Data!$C$6:$Y$29,2,FALSE)) -> 1.5 | K91: =IF($H91="","",VLOOKUP($H91,Data!$C$6:$Y$29,3,FALSE)) -> Non-Inverter | L91: =IF($H91="","",VLOOKUP($H91,Data!$C$6:$Y$29,4,FALSE)) -> R-410A | M91: =IF($H91="","",VLOOKUP($H91,Data!$C$6:$Y$29,5,FALSE)) -> 24/16 | N91: =IF($H91="","",VLOOKUP($H91,Data!$C$6:$Y$29,6,FALSE)) -> 46 | O91: =IF($H91="","",VLOOKUP($H91,Data!$C$6:$Y$29,7,FALSE)) -> 4.24 | P91: =IF($H91="","",VLOOKUP($H91,Data!$C$6:$Y$29,8,FALSE)) -> 4.11 | Q91: =IF($H91="","",VLOOKUP($H91,Data!$C$6:$Y$29,9,FALSE)) -> 255 | R91: =IF($H91="","",VLOOKUP($H91,Data!$C$6:$Y$29,10,FALSE)) -> MEDIUM | S91: =IF($H91="","",VLOOKUP($H91,Data!$C$6:$Y$29,11,FALSE)) -> 1.77 | T91: =IF($H91="","",VLOOKUP($H91,Data!$C$6:$Y$29,12,FALSE)) -> 1.8 | U91: =IF($H91="","",VLOOKUP($H91,Data!$C$6:$Y$29,13,FALSE)) -> 3.49 | V91: =IF($H91="","",VLOOKUP($H91,Data!$C$6:$Y$29,14,FALSE)) -> 40 | W91: =IF($H91="","",VLOOKUP($H91,Data!$C$6:$Y$29,15,FALSE)) -> 220-240/1/50 | X91: =IF($H91="","",VLOOKUP($H91,Data!$C$6:$Y$29,16,FALSE)) -> 261 | Y91: =IF($H91="","",VLOOKUP($H91,Data!$C$6:$Y$29,17,FALSE)) -> 1200 | Z91: =IF($H91="","",VLOOKUP($H91,Data!$C$6:$Y$29,18,FALSE)) -> 448 | AA91: =IF($H91="","",VLOOKUP($H91,Data!$C$6:$Y$29,19,FALSE)) -> 753 | AB91: =IF($H91="","",VLOOKUP($H91,Data!$C$6:$Y$29,20,FALSE)) -> 855 | AC91: =IF($H91="","",VLOOKUP($H91,Data!$C$6:$Y$29,21,FALSE)) -> 328 | AD91: =IF($H91="","",VLOOKUP($H91,Data!$C$6:$Y$29,22,FALSE)) -> 26 | AE91: =IF($H91="","",VLOOKUP($H91,Data!$C$6:$Y$29,23,FALSE)) -> 47 | AG91: =IF($E91="","",IF($C91="DUCTED",VLOOKUP($E91,'DX-Data'!$D$5:$J$11,7,TRUE),IF($C91="DECORATIVE",VLOOKUP($E91,'DX-Data'!$D$19:$J$23,7,TRUE),IF($C91="PACKAGED",VLOOKUP($E91,'DX-Data'!$D$24:$J$30,7,TRUE),IF($C91="DUCTED-INV",VLOOKUP($E91,'DX-Data'!$D$12:$J$18,7,TRUE),"CHOOSE AC TYPE"))))) -> FDMRN20AVKU - RR20AVKU | AH91: =IF($F$9=TRUE,IF($C91="DUCTED",VLOOKUP($F91,'DX-Data'!$F$5:$J$11,5,TRUE),IF($C91="DECORATIVE",VLOOKUP($F91,'DX-Data'!$F$19:$J$23,5,TRUE),IF($C91="PACKAGED",VLOOKUP($F91,'DX-Data'!$F$24:$J$30,5,TRUE),IF($C91="DUCTED-INV",VLOOKUP($F91,'DX-Data'!$F$12:$J$18,5,TRUE),"CHOOSE AC TYPE")))),"NO SELECTION") -> FDMRN20AVKU - RR20AVKU | AI91: =IF($G$9=TRUE,IF($C91="DUCTED",VLOOKUP($G91,'DX-Data'!$H$5:$J$11,3,TRUE),IF($C91="DECORATIVE",VLOOKUP($G91,'DX-Data'!$H$19:$J$23,3,TRUE),IF($C91="PACKAGED",VLOOKUP($G91,'DX-Data'!$H$24:$J$30,3,TRUE),IF($C91="DUCTED-INV",VLOOKUP($G91,'DX-Data'!$H$12:$J$18,3,TRUE),"CHOOSE AC TYPE")))),"NO SELECTION") -> NO SELECTION | AJ91: =IF($E91="","",IF($C91="DUCTED",VLOOKUP($E91,'DX-Data'!$D$5:$J$11,6,TRUE),IF($C91="DECORATIVE",VLOOKUP($E91,'DX-Data'!$D$19:$J$23,6,TRUE),IF($C91="PACKAGED",VLOOKUP($E91,'DX-Data'!$D$24:$J$30,6,TRUE),IF($C91="DUCTED-INV",VLOOKUP($E91,'DX-Data'!$D$12:$J$18,6,TRUE),0))))) -> 1 | AK91: =IF($F$9=TRUE,IF($C91="DUCTED",VLOOKUP($F91,'DX-Data'!$F$5:$J$11,4,TRUE),IF($C91="DECORATIVE",VLOOKUP($F91,'DX-Data'!$F$19:$J$23,4,TRUE),IF($C91="PACKAGED",VLOOKUP($F91,'DX-Data'!$F$24:$J$30,4,TRUE),IF($C91="DUCTED-INV",VLOOKUP($F91,'DX-Data'!$F$12:$J$18,4,TRUE),"CHOOSE AC TYPE")))),0) -> 1 | AL91: =IF($G$9=TRUE,IF($C91="DUCTED",VLOOKUP($G91,'DX-Data'!$H$5:$J$11,2,TRUE),IF($C91="DECORATIVE",VLOOKUP($G91,'DX-Data'!$H$19:$J$23,2,TRUE),IF($C91="PACKAGED",VLOOKUP($G91,'DX-Data'!$H$24:$J$30,2,TRUE),IF($C91="DUCTED-INV",VLOOKUP($G91,'DX-Data'!$H$12:$J$18,2,TRUE),"CHOOSE AC TYPE")))),0) -> 0 | AM91: =MAX(AJ91:AL91) -> 1 | AN91: =IF(E91="","",VLOOKUP($AM91,'DX-Data'!$I$5:$J$31,2,FALSE)) -> FDMRN20AVKU - RR20AVKU | AO91: =IF(OR(AN91="",AN91=0),"",1) -> 1
B92: 5F-DS-04 | C92: DUCTED | D92: APT 04 | E92: 3.7 | F92: 3 | G92: 243 | H92: =AN92 -> FDMRN20AVKU - RR20AVKU | I92: =AO92 -> 1 | J92: =IF($H92="","",VLOOKUP($H92,Data!$C$6:$Y$29,2,FALSE)) -> 1.5 | K92: =IF($H92="","",VLOOKUP($H92,Data!$C$6:$Y$29,3,FALSE)) -> Non-Inverter | L92: =IF($H92="","",VLOOKUP($H92,Data!$C$6:$Y$29,4,FALSE)) -> R-410A | M92: =IF($H92="","",VLOOKUP($H92,Data!$C$6:$Y$29,5,FALSE)) -> 24/16 | N92: =IF($H92="","",VLOOKUP($H92,Data!$C$6:$Y$29,6,FALSE)) -> 46 | O92: =IF($H92="","",VLOOKUP($H92,Data!$C$6:$Y$29,7,FALSE)) -> 4.24 | P92: =IF($H92="","",VLOOKUP($H92,Data!$C$6:$Y$29,8,FALSE)) -> 4.11 | Q92: =IF($H92="","",VLOOKUP($H92,Data!$C$6:$Y$29,9,FALSE)) -> 255 | R92: =IF($H92="","",VLOOKUP($H92,Data!$C$6:$Y$29,10,FALSE)) -> MEDIUM | S92: =IF($H92="","",VLOOKUP($H92,Data!$C$6:$Y$29,11,FALSE)) -> 1.77 | T92: =IF($H92="","",VLOOKUP($H92,Data!$C$6:$Y$29,12,FALSE)) -> 1.8 | U92: =IF($H92="","",VLOOKUP($H92,Data!$C$6:$Y$29,13,FALSE)) -> 3.49 | V92: =IF($H92="","",VLOOKUP($H92,Data!$C$6:$Y$29,14,FALSE)) -> 40 | W92: =IF($H92="","",VLOOKUP($H92,Data!$C$6:$Y$29,15,FALSE)) -> 220-240/1/50 | X92: =IF($H92="","",VLOOKUP($H92,Data!$C$6:$Y$29,16,FALSE)) -> 261 | Y92: =IF($H92="","",VLOOKUP($H92,Data!$C$6:$Y$29,17,FALSE)) -> 1200 | Z92: =IF($H92="","",VLOOKUP($H92,Data!$C$6:$Y$29,18,FALSE)) -> 448 | AA92: =IF($H92="","",VLOOKUP($H92,Data!$C$6:$Y$29,19,FALSE)) -> 753 | AB92: =IF($H92="","",VLOOKUP($H92,Data!$C$6:$Y$29,20,FALSE)) -> 855 | AC92: =IF($H92="","",VLOOKUP($H92,Data!$C$6:$Y$29,21,FALSE)) -> 328 | AD92: =IF($H92="","",VLOOKUP($H92,Data!$C$6:$Y$29,22,FALSE)) -> 26 | AE92: =IF($H92="","",VLOOKUP($H92,Data!$C$6:$Y$29,23,FALSE)) -> 47 | AG92: =IF($E92="","",IF($C92="DUCTED",VLOOKUP($E92,'DX-Data'!$D$5:$J$11,7,TRUE),IF($C92="DECORATIVE",VLOOKUP($E92,'DX-Data'!$D$19:$J$23,7,TRUE),IF($C92="PACKAGED",VLOOKUP($E92,'DX-Data'!$D$24:$J$30,7,TRUE),IF($C92="DUCTED-INV",VLOOKUP($E92,'DX-Data'!$D$12:$J$18,7,TRUE),"CHOOSE AC TYPE"))))) -> FDMRN20AVKU - RR20AVKU | AH92: =IF($F$9=TRUE,IF($C92="DUCTED",VLOOKUP($F92,'DX-Data'!$F$5:$J$11,5,TRUE),IF($C92="DECORATIVE",VLOOKUP($F92,'DX-Data'!$F$19:$J$23,5,TRUE),IF($C92="PACKAGED",VLOOKUP($F92,'DX-Data'!$F$24:$J$30,5,TRUE),IF($C92="DUCTED-INV",VLOOKUP($F92,'DX-Data'!$F$12:$J$18,5,TRUE),"CHOOSE AC TYPE")))),"NO SELECTION") -> FDMRN20AVKU - RR20AVKU | AI92: =IF($G$9=TRUE,IF($C92="DUCTED",VLOOKUP($G92,'DX-Data'!$H$5:$J$11,3,TRUE),IF($C92="DECORATIVE",VLOOKUP($G92,'DX-Data'!$H$19:$J$23,3,TRUE),IF($C92="PACKAGED",VLOOKUP($G92,'DX-Data'!$H$24:$J$30,3,TRUE),IF($C92="DUCTED-INV",VLOOKUP($G92,'DX-Data'!$H$12:$J$18,3,TRUE),"CHOOSE AC TYPE")))),"NO SELECTION") -> NO SELECTION | AJ92: =IF($E92="","",IF($C92="DUCTED",VLOOKUP($E92,'DX-Data'!$D$5:$J$11,6,TRUE),IF($C92="DECORATIVE",VLOOKUP($E92,'DX-Data'!$D$19:$J$23,6,TRUE),IF($C92="PACKAGED",VLOOKUP($E92,'DX-Data'!$D$24:$J$30,6,TRUE),IF($C92="DUCTED-INV",VLOOKUP($E92,'DX-Data'!$D$12:$J$18,6,TRUE),0))))) -> 1 | AK92: =IF($F$9=TRUE,IF($C92="DUCTED",VLOOKUP($F92,'DX-Data'!$F$5:$J$11,4,TRUE),IF($C92="DECORATIVE",VLOOKUP($F92,'DX-Data'!$F$19:$J$23,4,TRUE),IF($C92="PACKAGED",VLOOKUP($F92,'DX-Data'!$F$24:$J$30,4,TRUE),IF($C92="DUCTED-INV",VLOOKUP($F92,'DX-Data'!$F$12:$J$18,4,TRUE),"CHOOSE AC TYPE")))),0) -> 1 | AL92: =IF($G$9=TRUE,IF($C92="DUCTED",VLOOKUP($G92,'DX-Data'!$H$5:$J$11,2,TRUE),IF($C92="DECORATIVE",VLOOKUP($G92,'DX-Data'!$H$19:$J$23,2,TRUE),IF($C92="PACKAGED",VLOOKUP($G92,'DX-Data'!$H$24:$J$30,2,TRUE),IF($C92="DUCTED-INV",VLOOKUP($G92,'DX-Data'!$H$12:$J$18,2,TRUE),"CHOOSE AC TYPE")))),0) -> 0 | AM92: =MAX(AJ92:AL92) -> 1 | AN92: =IF(E92="","",VLOOKUP($AM92,'DX-Data'!$I$5:$J$31,2,FALSE)) -> FDMRN20AVKU - RR20AVKU | AO92: =IF(OR(AN92="",AN92=0),"",1) -> 1
B93: 5F-DS-05 | C93: DUCTED | D93: APT 05 | E93: 7.9 | F93: 6.6 | G93: 538 | H93: =AN93 -> FDMRN36AVKU - RR36AVKU | I93: =AO93 -> 1 | J93: =IF($H93="","",VLOOKUP($H93,Data!$C$6:$Y$29,2,FALSE)) -> 3 | K93: =IF($H93="","",VLOOKUP($H93,Data!$C$6:$Y$29,3,FALSE)) -> Non-Inverter | L93: =IF($H93="","",VLOOKUP($H93,Data!$C$6:$Y$29,4,FALSE)) -> R-410A | M93: =IF($H93="","",VLOOKUP($H93,Data!$C$6:$Y$29,5,FALSE)) -> 24/16 | N93: =IF($H93="","",VLOOKUP($H93,Data!$C$6:$Y$29,6,FALSE)) -> 46 | O93: =IF($H93="","",VLOOKUP($H93,Data!$C$6:$Y$29,7,FALSE)) -> 8.42 | P93: =IF($H93="","",VLOOKUP($H93,Data!$C$6:$Y$29,8,FALSE)) -> 8.18 | Q93: =IF($H93="","",VLOOKUP($H93,Data!$C$6:$Y$29,9,FALSE)) -> 650 | R93: =IF($H93="","",VLOOKUP($H93,Data!$C$6:$Y$29,10,FALSE)) -> MEDIUM | S93: =IF($H93="","",VLOOKUP($H93,Data!$C$6:$Y$29,11,FALSE)) -> 3.39 | T93: =IF($H93="","",VLOOKUP($H93,Data!$C$6:$Y$29,12,FALSE)) -> 3.55 | U93: =IF($H93="","",VLOOKUP($H93,Data!$C$6:$Y$29,13,FALSE)) -> 3.56 | V93: =IF($H93="","",VLOOKUP($H93,Data!$C$6:$Y$29,14,FALSE)) -> 50 | W93: =IF($H93="","",VLOOKUP($H93,Data!$C$6:$Y$29,15,FALSE)) -> 220-240/1/50 | X93: =IF($H93="","",VLOOKUP($H93,Data!$C$6:$Y$29,16,FALSE)) -> 378 | Y93: =IF($H93="","",VLOOKUP($H93,Data!$C$6:$Y$29,17,FALSE)) -> 1369 | Z93: =IF($H93="","",VLOOKUP($H93,Data!$C$6:$Y$29,18,FALSE)) -> 541 | AA93: =IF($H93="","",VLOOKUP($H93,Data!$C$6:$Y$29,19,FALSE)) -> 852 | AB93: =IF($H93="","",VLOOKUP($H93,Data!$C$6:$Y$29,20,FALSE)) -> 1030 | AC93: =IF($H93="","",VLOOKUP($H93,Data!$C$6:$Y$29,21,FALSE)) -> 400 | AD93: =IF($H93="","",VLOOKUP($H93,Data!$C$6:$Y$29,22,FALSE)) -> 50 | AE93: =IF($H93="","",VLOOKUP($H93,Data!$C$6:$Y$29,23,FALSE)) -> 92 | AG93: =IF($E93="","",IF($C93="DUCTED",VLOOKUP($E93,'DX-Data'!$D$5:$J$11,7,TRUE),IF($C93="DECORATIVE",VLOOKUP($E93,'DX-Data'!$D$19:$J$23,7,TRUE),IF($C93="PACKAGED",VLOOKUP($E93,'DX-Data'!$D$24:$J$30,7,TRUE),IF($C93="DUCTED-INV",VLOOKUP($E93,'DX-Data'!$D$12:$J$18,7,TRUE),"CHOOSE AC TYPE"))))) -> FDMRN36AVKU - RR36AVKU | AH93: =IF($F$9=TRUE,IF($C93="DUCTED",VLOOKUP($F93,'DX-Data'!$F$5:$J$11,5,TRUE),IF($C93="DECORATIVE",VLOOKUP($F93,'DX-Data'!$F$19:$J$23,5,TRUE),IF($C93="PACKAGED",VLOOKUP($F93,'DX-Data'!$F$24:$J$30,5,TRUE),IF($C93="DUCTED-INV",VLOOKUP($F93,'DX-Data'!$F$12:$J$18,5,TRUE),"CHOOSE AC TYPE")))),"NO SELECTION") -> FDMRN36AVKU - RR36AVKU | AI93: =IF($G$9=TRUE,IF($C93="DUCTED",VLOOKUP($G93,'DX-Data'!$H$5:$J$11,3,TRUE),IF($C93="DECORATIVE",VLOOKUP($G93,'DX-Data'!$H$19:$J$23,3,TRUE),IF($C93="PACKAGED",VLOOKUP($G93,'DX-Data'!$H$24:$J$30,3,TRUE),IF($C93="DUCTED-INV",VLOOKUP($G93,'DX-Data'!$H$12:$J$18,3,TRUE),"CHOOSE AC TYPE")))),"NO SELECTION") -> NO SELECTION | AJ93: =IF($E93="","",IF($C93="DUCTED",VLOOKUP($E93,'DX-Data'!$D$5:$J$11,6,TRUE),IF($C93="DECORATIVE",VLOOKUP($E93,'DX-Data'!$D$19:$J$23,6,TRUE),IF($C93="PACKAGED",VLOOKUP($E93,'DX-Data'!$D$24:$J$30,6,TRUE),IF($C93="DUCTED-INV",VLOOKUP($E93,'DX-Data'!$D$12:$J$18,6,TRUE),0))))) -> 4 | AK93: =IF($F$9=TRUE,IF($C93="DUCTED",VLOOKUP($F93,'DX-Data'!$F$5:$J$11,4,TRUE),IF($C93="DECORATIVE",VLOOKUP($F93,'DX-Data'!$F$19:$J$23,4,TRUE),IF($C93="PACKAGED",VLOOKUP($F93,'DX-Data'!$F$24:$J$30,4,TRUE),IF($C93="DUCTED-INV",VLOOKUP($F93,'DX-Data'!$F$12:$J$18,4,TRUE),"CHOOSE AC TYPE")))),0) -> 4 | AL93: =IF($G$9=TRUE,IF($C93="DUCTED",VLOOKUP($G93,'DX-Data'!$H$5:$J$11,2,TRUE),IF($C93="DECORATIVE",VLOOKUP($G93,'DX-Data'!$H$19:$J$23,2,TRUE),IF($C93="PACKAGED",VLOOKUP($G93,'DX-Data'!$H$24:$J$30,2,TRUE),IF($C93="DUCTED-INV",VLOOKUP($G93,'DX-Data'!$H$12:$J$18,2,TRUE),"CHOOSE AC TYPE")))),0) -> 0 | AM93: =MAX(AJ93:AL93) -> 4 | AN93: =IF(E93="","",VLOOKUP($AM93,'DX-Data'!$I$5:$J$31,2,FALSE)) -> FDMRN36AVKU - RR36AVKU | AO93: =IF(OR(AN93="",AN93=0),"",1) -> 1
B94: 5F-DS-06 | C94: DUCTED | D94: APT 06 | E94: 6.9 | F94: 5.5 | G94: 451 | H94: =AN94 -> FDMRN30AVKU - RR30AVKU | I94: =AO94 -> 1 | J94: =IF($H94="","",VLOOKUP($H94,Data!$C$6:$Y$29,2,FALSE)) -> 2.5 | K94: =IF($H94="","",VLOOKUP($H94,Data!$C$6:$Y$29,3,FALSE)) -> Non-Inverter | L94: =IF($H94="","",VLOOKUP($H94,Data!$C$6:$Y$29,4,FALSE)) -> R-410A | M94: =IF($H94="","",VLOOKUP($H94,Data!$C$6:$Y$29,5,FALSE)) -> 24/16 | N94: =IF($H94="","",VLOOKUP($H94,Data!$C$6:$Y$29,6,FALSE)) -> 46 | O94: =IF($H94="","",VLOOKUP($H94,Data!$C$6:$Y$29,7,FALSE)) -> 6.93 | P94: =IF($H94="","",VLOOKUP($H94,Data!$C$6:$Y$29,8,FALSE)) -> 6.3 | Q94: =IF($H94="","",VLOOKUP($H94,Data!$C$6:$Y$29,9,FALSE)) -> 374 | R94: =IF($H94="","",VLOOKUP($H94,Data!$C$6:$Y$29,10,FALSE)) -> MEDIUM | S94: =IF($H94="","",VLOOKUP($H94,Data!$C$6:$Y$29,11,FALSE)) -> 2.87 | T94: =IF($H94="","",VLOOKUP($H94,Data!$C$6:$Y$29,12,FALSE)) -> 3.05 | U94: =IF($H94="","",VLOOKUP($H94,Data!$C$6:$Y$29,13,FALSE)) -> 3.49 | V94: =IF($H94="","",VLOOKUP($H94,Data!$C$6:$Y$29,14,FALSE)) -> 40 | W94: =IF($H94="","",VLOOKUP($H94,Data!$C$6:$Y$29,15,FALSE)) -> 220-240/1/50 | X94: =IF($H94="","",VLOOKUP($H94,Data!$C$6:$Y$29,16,FALSE)) -> 378 | Y94: =IF($H94="","",VLOOKUP($H94,Data!$C$6:$Y$29,17,FALSE)) -> 1115 | Z94: =IF($H94="","",VLOOKUP($H94,Data!$C$6:$Y$29,18,FALSE)) -> 541 | AA94: =IF($H94="","",VLOOKUP($H94,Data!$C$6:$Y$29,19,FALSE)) -> 852 | AB94: =IF($H94="","",VLOOKUP($H94,Data!$C$6:$Y$29,20,FALSE)) -> 1030 | AC94: =IF($H94="","",VLOOKUP($H94,Data!$C$6:$Y$29,21,FALSE)) -> 400 | AD94: =IF($H94="","",VLOOKUP($H94,Data!$C$6:$Y$29,22,FALSE)) -> 44 | AE94: =IF($H94="","",VLOOKUP($H94,Data!$C$6:$Y$29,23,FALSE)) -> 75 | AG94: =IF($E94="","",IF($C94="DUCTED",VLOOKUP($E94,'DX-Data'!$D$5:$J$11,7,TRUE),IF($C94="DECORATIVE",VLOOKUP($E94,'DX-Data'!$D$19:$J$23,7,TRUE),IF($C94="PACKAGED",VLOOKUP($E94,'DX-Data'!$D$24:$J$30,7,TRUE),IF($C94="DUCTED-INV",VLOOKUP($E94,'DX-Data'!$D$12:$J$18,7,TRUE),"CHOOSE AC TYPE"))))) -> FDMRN30AVKU - RR30AVKU | AH94: =IF($F$9=TRUE,IF($C94="DUCTED",VLOOKUP($F94,'DX-Data'!$F$5:$J$11,5,TRUE),IF($C94="DECORATIVE",VLOOKUP($F94,'DX-Data'!$F$19:$J$23,5,TRUE),IF($C94="PACKAGED",VLOOKUP($F94,'DX-Data'!$F$24:$J$30,5,TRUE),IF($C94="DUCTED-INV",VLOOKUP($F94,'DX-Data'!$F$12:$J$18,5,TRUE),"CHOOSE AC TYPE")))),"NO SELECTION") -> FDMRN30AVKU - RR30AVKU | AI94: =IF($G$9=TRUE,IF($C94="DUCTED",VLOOKUP($G94,'DX-Data'!$H$5:$J$11,3,TRUE),IF($C94="DECORATIVE",VLOOKUP($G94,'DX-Data'!$H$19:$J$23,3,TRUE),IF($C94="PACKAGED",VLOOKUP($G94,'DX-Data'!$H$24:$J$30,3,TRUE),IF($C94="DUCTED-INV",VLOOKUP($G94,'DX-Data'!$H$12:$J$18,3,TRUE),"CHOOSE AC TYPE")))),"NO SELECTION") -> NO SELECTION | AJ94: =IF($E94="","",IF($C94="DUCTED",VLOOKUP($E94,'DX-Data'!$D$5:$J$11,6,TRUE),IF($C94="DECORATIVE",VLOOKUP($E94,'DX-Data'!$D$19:$J$23,6,TRUE),IF($C94="PACKAGED",VLOOKUP($E94,'DX-Data'!$D$24:$J$30,6,TRUE),IF($C94="DUCTED-INV",VLOOKUP($E94,'DX-Data'!$D$12:$J$18,6,TRUE),0))))) -> 3 | AK94: =IF($F$9=TRUE,IF($C94="DUCTED",VLOOKUP($F94,'DX-Data'!$F$5:$J$11,4,TRUE),IF($C94="DECORATIVE",VLOOKUP($F94,'DX-Data'!$F$19:$J$23,4,TRUE),IF($C94="PACKAGED",VLOOKUP($F94,'DX-Data'!$F$24:$J$30,4,TRUE),IF($C94="DUCTED-INV",VLOOKUP($F94,'DX-Data'!$F$12:$J$18,4,TRUE),"CHOOSE AC TYPE")))),0) -> 3 | AL94: =IF($G$9=TRUE,IF($C94="DUCTED",VLOOKUP($G94,'DX-Data'!$H$5:$J$11,2,TRUE),IF($C94="DECORATIVE",VLOOKUP($G94,'DX-Data'!$H$19:$J$23,2,TRUE),IF($C94="PACKAGED",VLOOKUP($G94,'DX-Data'!$H$24:$J$30,2,TRUE),IF($C94="DUCTED-INV",VLOOKUP($G94,'DX-Data'!$H$12:$J$18,2,TRUE),"CHOOSE AC TYPE")))),0) -> 0 | AM94: =MAX(AJ94:AL94) -> 3 | AN94: =IF(E94="","",VLOOKUP($AM94,'DX-Data'!$I$5:$J$31,2,FALSE)) -> FDMRN30AVKU - RR30AVKU | AO94: =IF(OR(AN94="",AN94=0),"",1) -> 1
B95: 5F-DS-07 | C95: DUCTED | D95: APT 07 | E95: 7.3 | F95: 5.9 | G95: 482 | H95: =AN95 -> FDMRN36AVKU - RR36AVKU | I95: =AO95 -> 1 | J95: =IF($H95="","",VLOOKUP($H95,Data!$C$6:$Y$29,2,FALSE)) -> 3 | K95: =IF($H95="","",VLOOKUP($H95,Data!$C$6:$Y$29,3,FALSE)) -> Non-Inverter | L95: =IF($H95="","",VLOOKUP($H95,Data!$C$6:$Y$29,4,FALSE)) -> R-410A | M95: =IF($H95="","",VLOOKUP($H95,Data!$C$6:$Y$29,5,FALSE)) -> 24/16 | N95: =IF($H95="","",VLOOKUP($H95,Data!$C$6:$Y$29,6,FALSE)) -> 46 | O95: =IF($H95="","",VLOOKUP($H95,Data!$C$6:$Y$29,7,FALSE)) -> 8.42 | P95: =IF($H95="","",VLOOKUP($H95,Data!$C$6:$Y$29,8,FALSE)) -> 8.18 | Q95: =IF($H95="","",VLOOKUP($H95,Data!$C$6:$Y$29,9,FALSE)) -> 650 | R95: =IF($H95="","",VLOOKUP($H95,Data!$C$6:$Y$29,10,FALSE)) -> MEDIUM | S95: =IF($H95="","",VLOOKUP($H95,Data!$C$6:$Y$29,11,FALSE)) -> 3.39 | T95: =IF($H95="","",VLOOKUP($H95,Data!$C$6:$Y$29,12,FALSE)) -> 3.55 | U95: =IF($H95="","",VLOOKUP($H95,Data!$C$6:$Y$29,13,FALSE)) -> 3.56 | V95: =IF($H95="","",VLOOKUP($H95,Data!$C$6:$Y$29,14,FALSE)) -> 50 | W95: =IF($H95="","",VLOOKUP($H95,Data!$C$6:$Y$29,15,FALSE)) -> 220-240/1/50 | X95: =IF($H95="","",VLOOKUP($H95,Data!$C$6:$Y$29,16,FALSE)) -> 378 | Y95: =IF($H95="","",VLOOKUP($H95,Data!$C$6:$Y$29,17,FALSE)) -> 1369 | Z95: =IF($H95="","",VLOOKUP($H95,Data!$C$6:$Y$29,18,FALSE)) -> 541 | AA95: =IF($H95="","",VLOOKUP($H95,Data!$C$6:$Y$29,19,FALSE)) -> 852 | AB95: =IF($H95="","",VLOOKUP($H95,Data!$C$6:$Y$29,20,FALSE)) -> 1030 | AC95: =IF($H95="","",VLOOKUP($H95,Data!$C$6:$Y$29,21,FALSE)) -> 400 | AD95: =IF($H95="","",VLOOKUP($H95,Data!$C$6:$Y$29,22,FALSE)) -> 50 | AE95: =IF($H95="","",VLOOKUP($H95,Data!$C$6:$Y$29,23,FALSE)) -> 92 | AG95: =IF($E95="","",IF($C95="DUCTED",VLOOKUP($E95,'DX-Data'!$D$5:$J$11,7,TRUE),IF($C95="DECORATIVE",VLOOKUP($E95,'DX-Data'!$D$19:$J$23,7,TRUE),IF($C95="PACKAGED",VLOOKUP($E95,'DX-Data'!$D$24:$J$30,7,TRUE),IF($C95="DUCTED-INV",VLOOKUP($E95,'DX-Data'!$D$12:$J$18,7,TRUE),"CHOOSE AC TYPE"))))) -> FDMRN36AVKU - RR36AVKU | AH95: =IF($F$9=TRUE,IF($C95="DUCTED",VLOOKUP($F95,'DX-Data'!$F$5:$J$11,5,TRUE),IF($C95="DECORATIVE",VLOOKUP($F95,'DX-Data'!$F$19:$J$23,5,TRUE),IF($C95="PACKAGED",VLOOKUP($F95,'DX-Data'!$F$24:$J$30,5,TRUE),IF($C95="DUCTED-INV",VLOOKUP($F95,'DX-Data'!$F$12:$J$18,5,TRUE),"CHOOSE AC TYPE")))),"NO SELECTION") -> FDMRN30AVKU - RR30AVKU | AI95: =IF($G$9=TRUE,IF($C95="DUCTED",VLOOKUP($G95,'DX-Data'!$H$5:$J$11,3,TRUE),IF($C95="DECORATIVE",VLOOKUP($G95,'DX-Data'!$H$19:$J$23,3,TRUE),IF($C95="PACKAGED",VLOOKUP($G95,'DX-Data'!$H$24:$J$30,3,TRUE),IF($C95="DUCTED-INV",VLOOKUP($G95,'DX-Data'!$H$12:$J$18,3,TRUE),"CHOOSE AC TYPE")))),"NO SELECTION") -> NO SELECTION | AJ95: =IF($E95="","",IF($C95="DUCTED",VLOOKUP($E95,'DX-Data'!$D$5:$J$11,6,TRUE),IF($C95="DECORATIVE",VLOOKUP($E95,'DX-Data'!$D$19:$J$23,6,TRUE),IF($C95="PACKAGED",VLOOKUP($E95,'DX-Data'!$D$24:$J$30,6,TRUE),IF($C95="DUCTED-INV",VLOOKUP($E95,'DX-Data'!$D$12:$J$18,6,TRUE),0))))) -> 4 | AK95: =IF($F$9=TRUE,IF($C95="DUCTED",VLOOKUP($F95,'DX-Data'!$F$5:$J$11,4,TRUE),IF($C95="DECORATIVE",VLOOKUP($F95,'DX-Data'!$F$19:$J$23,4,TRUE),IF($C95="PACKAGED",VLOOKUP($F95,'DX-Data'!$F$24:$J$30,4,TRUE),IF($C95="DUCTED-INV",VLOOKUP($F95,'DX-Data'!$F$12:$J$18,4,TRUE),"CHOOSE AC TYPE")))),0) -> 3 | AL95: =IF($G$9=TRUE,IF($C95="DUCTED",VLOOKUP($G95,'DX-Data'!$H$5:$J$11,2,TRUE),IF($C95="DECORATIVE",VLOOKUP($G95,'DX-Data'!$H$19:$J$23,2,TRUE),IF($C95="PACKAGED",VLOOKUP($G95,'DX-Data'!$H$24:$J$30,2,TRUE),IF($C95="DUCTED-INV",VLOOKUP($G95,'DX-Data'!$H$12:$J$18,2,TRUE),"CHOOSE AC TYPE")))),0) -> 0 | AM95: =MAX(AJ95:AL95) -> 4 | AN95: =IF(E95="","",VLOOKUP($AM95,'DX-Data'!$I$5:$J$31,2,FALSE)) -> FDMRN36AVKU - RR36AVKU | AO95: =IF(OR(AN95="",AN95=0),"",1) -> 1
